item_id,date_id,wday,cashback,sell_price,day,month,year,event_type_1_Cultural,event_type_1_National,event_type_1_NoEvent,event_type_1_Religious,event_type_1_Sporting,event_type_2_Cultural,event_type_2_NoEvent,event_type_2_Religious,target
376,718,4,1,1.78,15,1,2013,0.0,0.0,1.0,0.0,0.0,0.0,1.0,0.0,3.0
376,719,5,0,1.78,16,1,2013,0.0,0.0,1.0,0.0,0.0,0.0,1.0,0.0,3.0
376,720,6,0,1.78,17,1,2013,0.0,0.0,1.0,0.0,0.0,0.0,1.0,0.0,1.8571428571428572
376,721,7,0,1.78,18,1,2013,0.0,0.0,1.0,0.0,0.0,0.0,1.0,0.0,0.8666666666666667
376,722,1,0,1.78,19,1,2013,0.0,0.0,1.0,0.0,0.0,0.0,1.0,0.0,0.41935483870967744
376,723,2,0,1.78,20,1,2013,0.0,0.0,1.0,0.0,0.0,0.0,1.0,0.0,0.7142857142857143
376,724,3,0,1.78,21,1,2013,0.0,1.0,0.0,0.0,0.0,0.0,1.0,0.0,2.874015748031496
376,725,4,0,1.78,22,1,2013,0.0,0.0,1.0,0.0,0.0,0.0,1.0,0.0,3.43921568627451
376,726,5,0,1.78,23,1,2013,0.0,0.0,1.0,0.0,0.0,0.0,1.0,0.0,1.716242661448141
376,727,6,0,1.78,24,1,2013,0.0,0.0,1.0,0.0,0.0,0.0,1.0,0.0,1.858260019550342
376,728,7,0,1.78,25,1,2013,0.0,0.0,1.0,0.0,0.0,0.0,1.0,0.0,1.4289203712750367
376,729,1,0,1.78,26,1,2013,0.0,0.0,1.0,0.0,0.0,0.0,1.0,0.0,1.2144078144078143
376,730,2,0,1.78,27,1,2013,0.0,0.0,1.0,0.0,0.0,0.0,1.0,0.0,2.1073129044072765
376,731,3,0,1.78,28,1,2013,0.0,0.0,1.0,0.0,0.0,0.0,1.0,0.0,6.553927852041751
376,732,4,0,1.78,29,1,2013,0.0,0.0,1.0,0.0,0.0,0.0,1.0,0.0,3.7768791772209847
376,733,5,0,1.78,30,1,2013,0.0,0.0,1.0,0.0,0.0,0.0,1.0,0.0,2.3884184023804074
376,734,6,0,1.78,31,1,2013,0.0,0.0,1.0,0.0,0.0,0.0,1.0,0.0,1.1942000900275422
376,735,7,0,1.78,1,2,2013,0.0,0.0,1.0,0.0,0.0,0.0,1.0,0.0,0.5970977672491732
376,736,1,1,1.98,2,2,2013,0.0,0.0,1.0,0.0,0.0,0.0,1.0,0.0,1.7985511752151015
376,737,2,1,1.98,3,2,2013,0.0,0.0,0.0,0.0,1.0,0.0,1.0,0.0,4.899278544691605
376,738,3,0,1.98,4,2,2013,0.0,0.0,1.0,0.0,0.0,0.0,1.0,0.0,2.949638342684909
376,739,4,1,1.98,5,2,2013,0.0,0.0,1.0,0.0,0.0,0.0,1.0,0.0,1.4748188197180796
376,740,5,1,1.98,6,2,2013,0.0,0.0,1.0,0.0,0.0,0.0,1.0,0.0,1.7374094411622811
376,741,6,0,1.98,7,2,2013,0.0,0.0,1.0,0.0,0.0,0.0,1.0,0.0,1.3687046986046254
376,742,7,1,1.98,8,2,2013,0.0,0.0,1.0,0.0,0.0,0.0,1.0,0.0,0.6843523289070227
376,743,1,1,1.98,9,2,2013,0.0,0.0,1.0,0.0,0.0,0.0,1.0,0.0,1.8421761817064313
376,744,2,0,1.98,10,2,2013,0.0,0.0,1.0,0.0,0.0,0.0,1.0,0.0,0.9210880839905745
376,745,3,1,1.98,11,2,2013,0.0,0.0,1.0,0.0,0.0,0.0,1.0,0.0,0.460544040279627
376,746,4,1,1.98,12,2,2013,0.0,0.0,1.0,0.0,0.0,0.0,1.0,0.0,0.730272020642221
376,747,5,0,1.98,13,2,2013,0.0,0.0,0.0,1.0,0.0,0.0,1.0,0.0,2.3651360118436964
376,748,6,1,1.98,14,2,2013,1.0,0.0,0.0,0.0,0.0,0.0,1.0,0.0,1.6825680056040027
376,749,7,1,1.98,15,2,2013,0.0,0.0,1.0,0.0,0.0,0.0,1.0,0.0,1.34128400272254
376,750,1,0,1.98,16,2,2013,0.0,0.0,1.0,0.0,0.0,0.0,1.0,0.0,1.1706420013414047
376,751,2,0,1.98,17,2,2013,0.0,0.0,1.0,0.0,0.0,0.0,1.0,0.0,0.5853210006366322
376,752,3,0,1.98,18,2,2013,0.0,1.0,0.0,0.0,0.0,0.0,1.0,0.0,1.7926605003534544
376,753,4,0,1.98,19,2,2013,0.0,0.0,1.0,0.0,0.0,0.0,1.0,0.0,4.896330250221891
376,754,5,0,1.98,20,2,2013,0.0,0.0,0.0,1.0,0.0,0.0,1.0,0.0,2.948165125096771
376,755,6,0,1.98,21,2,2013,0.0,0.0,1.0,0.0,0.0,0.0,1.0,0.0,2.474082562546661
376,756,7,0,1.98,22,2,2013,0.0,0.0,1.0,0.0,0.0,0.0,1.0,0.0,1.2370412812710803
376,757,1,0,1.98,23,2,2013,0.0,0.0,1.0,0.0,0.0,0.0,1.0,0.0,1.618520640635887
376,758,2,0,1.98,24,2,2013,0.0,0.0,0.0,1.0,0.0,0.0,1.0,0.0,0.8092603203175756
376,759,3,0,1.98,25,2,2013,0.0,0.0,1.0,0.0,0.0,0.0,1.0,0.0,0.40463016015869574
376,760,4,0,1.98,26,2,2013,0.0,0.0,1.0,0.0,0.0,0.0,1.0,0.0,0.2023150800793249
376,761,5,0,1.98,27,2,2013,0.0,0.0,1.0,0.0,0.0,0.0,1.0,0.0,0.6011575400396851
376,762,6,0,1.98,28,2,2013,0.0,0.0,1.0,0.0,0.0,0.0,1.0,0.0,0.300578770019834
376,763,7,0,1.98,1,3,2013,0.0,0.0,1.0,0.0,0.0,0.0,1.0,0.0,0.15028938500991487
376,764,1,1,1.98,2,3,2013,0.0,0.0,1.0,0.0,0.0,0.0,1.0,0.0,2.075144692504971
376,765,2,1,1.98,3,3,2013,0.0,0.0,1.0,0.0,0.0,0.0,1.0,0.0,1.037572346252482
376,766,3,0,1.98,4,3,2013,0.0,0.0,1.0,0.0,0.0,0.0,1.0,0.0,0.51878617312624
376,767,4,1,1.98,5,3,2013,0.0,0.0,1.0,0.0,0.0,0.0,1.0,0.0,0.25939308656311977
376,768,5,1,1.98,6,3,2013,0.0,0.0,1.0,0.0,0.0,0.0,1.0,0.0,0.12969654328155983
376,769,6,0,1.98,7,3,2013,0.0,0.0,1.0,0.0,0.0,0.0,1.0,0.0,0.0648482716407799
376,770,7,1,1.98,8,3,2013,0.0,0.0,1.0,0.0,0.0,0.0,1.0,0.0,0.03242413582038995
376,771,1,1,1.98,9,3,2013,0.0,0.0,1.0,0.0,0.0,0.0,1.0,0.0,0.01621206791019497
376,772,2,0,1.98,10,3,2013,0.0,0.0,1.0,0.0,0.0,0.0,1.0,0.0,0.008106033955097486
376,773,3,1,1.98,11,3,2013,0.0,0.0,1.0,0.0,0.0,0.0,1.0,0.0,0.004053016977548743
376,774,4,1,1.98,12,3,2013,0.0,0.0,1.0,0.0,0.0,0.0,1.0,0.0,1.5020265084887743
376,775,5,0,1.98,13,3,2013,0.0,0.0,1.0,0.0,0.0,0.0,1.0,0.0,1.2510132542443873
376,776,6,1,1.98,14,3,2013,0.0,0.0,1.0,0.0,0.0,0.0,1.0,0.0,0.6255066271221936
376,777,7,1,1.98,15,3,2013,0.0,0.0,1.0,0.0,0.0,0.0,1.0,0.0,1.812753313561097
376,778,1,0,1.98,16,3,2013,0.0,0.0,1.0,0.0,0.0,0.0,1.0,0.0,1.4063766567805485
376,779,2,0,1.98,17,3,2013,1.0,0.0,0.0,0.0,0.0,0.0,1.0,0.0,1.2031883283902742
376,780,3,0,1.98,18,3,2013,0.0,0.0,1.0,0.0,0.0,0.0,1.0,0.0,1.101594164195137
376,781,4,0,1.98,19,3,2013,0.0,0.0,1.0,0.0,0.0,0.0,1.0,0.0,1.5507970820975685
376,782,5,0,1.98,20,3,2013,0.0,0.0,1.0,0.0,0.0,0.0,1.0,0.0,1.7753985410487843
376,783,6,0,1.98,21,3,2013,0.0,0.0,1.0,0.0,0.0,0.0,1.0,0.0,1.3876992705243922
376,784,7,0,1.98,22,3,2013,0.0,0.0,1.0,0.0,0.0,0.0,1.0,0.0,0.6938496352621961
376,785,1,0,1.98,23,3,2013,0.0,0.0,1.0,0.0,0.0,0.0,1.0,0.0,0.34692481763109806
376,786,2,0,1.98,24,3,2013,0.0,0.0,1.0,0.0,0.0,0.0,1.0,0.0,2.173462408815549
376,787,3,0,1.98,25,3,2013,0.0,0.0,1.0,0.0,0.0,0.0,1.0,0.0,1.5867312044077746
376,788,4,0,1.98,26,3,2013,0.0,0.0,1.0,0.0,0.0,0.0,1.0,0.0,1.7933656022038873
376,789,5,0,1.98,27,3,2013,0.0,0.0,1.0,0.0,0.0,0.0,1.0,0.0,3.3966828011019436
376,790,6,0,1.98,28,3,2013,0.0,0.0,1.0,0.0,0.0,0.0,1.0,0.0,1.6983414005509718
376,791,7,0,1.98,29,3,2013,0.0,0.0,1.0,0.0,0.0,0.0,1.0,0.0,0.8491707002754859
376,792,1,0,1.98,30,3,2013,0.0,0.0,1.0,0.0,0.0,0.0,1.0,0.0,1.924585350137743
376,793,2,0,1.98,31,3,2013,1.0,0.0,0.0,0.0,0.0,0.0,1.0,0.0,1.4622926750688716
376,794,3,0,1.98,1,4,2013,0.0,0.0,1.0,0.0,0.0,0.0,1.0,0.0,0.7311463375344358
376,795,4,1,1.98,2,4,2013,0.0,0.0,0.0,1.0,0.0,0.0,1.0,0.0,0.3655731687672179
376,796,5,1,1.98,3,4,2013,0.0,0.0,1.0,0.0,0.0,0.0,1.0,0.0,0.18278658438360895
376,797,6,0,1.98,4,4,2013,0.0,0.0,1.0,0.0,0.0,0.0,1.0,0.0,0.09139329219180448
376,798,7,1,1.98,5,4,2013,0.0,0.0,1.0,0.0,0.0,0.0,1.0,0.0,0.04569664609590224
376,799,1,1,1.98,6,4,2013,0.0,0.0,1.0,0.0,0.0,0.0,1.0,0.0,0.02284832304795112
376,800,2,0,1.98,7,4,2013,0.0,0.0,1.0,0.0,0.0,0.0,1.0,0.0,2.0114241615239754
376,801,3,1,1.98,8,4,2013,0.0,0.0,1.0,0.0,0.0,0.0,1.0,0.0,1.5057120807619877
376,802,4,1,1.98,9,4,2013,0.0,0.0,1.0,0.0,0.0,0.0,1.0,0.0,1.7528560403809939
376,803,5,0,1.98,10,4,2013,0.0,0.0,1.0,0.0,0.0,0.0,1.0,0.0,1.376428020190497
376,804,6,1,1.98,11,4,2013,0.0,0.0,1.0,0.0,0.0,0.0,1.0,0.0,2.1882140100952485
376,805,7,1,1.98,12,4,2013,0.0,0.0,1.0,0.0,0.0,0.0,1.0,0.0,1.0941070050476243
376,806,1,0,1.98,13,4,2013,0.0,0.0,1.0,0.0,0.0,0.0,1.0,0.0,1.5470535025238121
376,807,2,1,1.98,14,4,2013,0.0,0.0,1.0,0.0,0.0,0.0,1.0,0.0,1.273526751261906
376,808,3,1,1.98,15,4,2013,0.0,0.0,1.0,0.0,0.0,0.0,1.0,0.0,1.636763375630953
376,809,4,0,1.98,16,4,2013,0.0,0.0,1.0,0.0,0.0,0.0,1.0,0.0,1.3183816878154766
376,810,5,0,1.98,17,4,2013,0.0,0.0,1.0,0.0,0.0,0.0,1.0,0.0,1.1591908439077383
376,811,6,0,1.98,18,4,2013,0.0,0.0,1.0,0.0,0.0,0.0,1.0,0.0,0.5795954219538691
376,812,7,0,1.98,19,4,2013,0.0,0.0,1.0,0.0,0.0,0.0,1.0,0.0,0.2897977109769346
376,813,1,0,1.98,20,4,2013,0.0,0.0,1.0,0.0,0.0,0.0,1.0,0.0,0.1448988554884673
376,814,2,0,1.98,21,4,2013,0.0,0.0,1.0,0.0,0.0,0.0,1.0,0.0,1.0724494277442336
376,815,3,0,1.98,22,4,2013,0.0,0.0,1.0,0.0,0.0,0.0,1.0,0.0,2.036224713872117
376,816,4,0,1.98,23,4,2013,0.0,0.0,1.0,0.0,0.0,0.0,1.0,0.0,1.5181123569360584
376,817,5,0,1.98,24,4,2013,0.0,0.0,1.0,0.0,0.0,0.0,1.0,0.0,4.259056178468029
376,818,6,0,1.98,25,4,2013,0.0,0.0,1.0,0.0,0.0,0.0,1.0,0.0,3.1295280892340145
376,819,7,0,1.98,26,4,2013,0.0,0.0,1.0,0.0,0.0,0.0,1.0,0.0,1.5647640446170072
376,820,1,0,1.98,27,4,2013,0.0,0.0,1.0,0.0,0.0,0.0,1.0,0.0,2.2823820223085036
376,821,2,0,1.98,28,4,2013,0.0,0.0,1.0,0.0,0.0,0.0,1.0,0.0,4.141191011154252
376,822,3,0,1.98,29,4,2013,0.0,0.0,1.0,0.0,0.0,0.0,1.0,0.0,2.070595505577126
376,823,4,0,1.98,30,4,2013,0.0,0.0,1.0,0.0,0.0,0.0,1.0,0.0,1.535297752788563
376,824,5,0,1.98,1,5,2013,0.0,0.0,1.0,0.0,0.0,0.0,1.0,0.0,0.7676488763942815
376,825,6,1,1.98,2,5,2013,0.0,0.0,1.0,0.0,0.0,0.0,1.0,0.0,0.8838244381971407
376,826,7,1,1.98,3,5,2013,0.0,0.0,1.0,0.0,0.0,0.0,1.0,0.0,1.4419122190985703
376,827,1,0,1.98,4,5,2013,0.0,0.0,1.0,0.0,0.0,0.0,1.0,0.0,2.7209561095492854
376,828,2,1,1.98,5,5,2013,0.0,0.0,0.0,1.0,0.0,1.0,0.0,0.0,1.3604780547746427
376,829,3,1,1.98,6,5,2013,0.0,0.0,1.0,0.0,0.0,0.0,1.0,0.0,1.6802390273873213
376,830,4,0,1.98,7,5,2013,0.0,0.0,1.0,0.0,0.0,0.0,1.0,0.0,1.8401195136936606
376,831,5,1,1.98,8,5,2013,0.0,0.0,1.0,0.0,0.0,0.0,1.0,0.0,0.9200597568468303
376,832,6,1,1.98,9,5,2013,0.0,0.0,1.0,0.0,0.0,0.0,1.0,0.0,1.4600298784234151
376,833,7,0,1.98,10,5,2013,0.0,0.0,1.0,0.0,0.0,0.0,1.0,0.0,0.7300149392117076
376,834,1,1,1.98,11,5,2013,0.0,0.0,1.0,0.0,0.0,0.0,1.0,0.0,0.8650074696058538
376,835,2,1,1.98,12,5,2013,1.0,0.0,0.0,0.0,0.0,0.0,1.0,0.0,0.4325037348029269
376,836,3,0,1.98,13,5,2013,0.0,0.0,1.0,0.0,0.0,0.0,1.0,0.0,2.2162518674014633
376,837,4,1,1.98,14,5,2013,0.0,0.0,1.0,0.0,0.0,0.0,1.0,0.0,1.6081259337007316
376,838,5,1,1.98,15,5,2013,0.0,0.0,1.0,0.0,0.0,0.0,1.0,0.0,0.8040629668503658
376,839,6,0,1.98,16,5,2013,0.0,0.0,1.0,0.0,0.0,0.0,1.0,0.0,0.4020314834251829
376,840,7,0,1.98,17,5,2013,0.0,0.0,1.0,0.0,0.0,0.0,1.0,0.0,0.7010157417125915
376,841,1,0,1.98,18,5,2013,0.0,0.0,1.0,0.0,0.0,0.0,1.0,0.0,0.8505078708562958
376,842,2,0,1.98,19,5,2013,0.0,0.0,1.0,0.0,0.0,0.0,1.0,0.0,1.925253935428148
376,843,3,0,1.98,20,5,2013,0.0,0.0,1.0,0.0,0.0,0.0,1.0,0.0,0.962626967714074
376,844,4,0,1.98,21,5,2013,0.0,0.0,1.0,0.0,0.0,0.0,1.0,0.0,0.981313483857037
376,845,5,0,1.98,22,5,2013,0.0,0.0,1.0,0.0,0.0,0.0,1.0,0.0,0.9906567419285185
376,846,6,0,1.98,23,5,2013,0.0,0.0,1.0,0.0,0.0,0.0,1.0,0.0,0.9953283709642593
376,847,7,0,1.98,24,5,2013,0.0,0.0,1.0,0.0,0.0,0.0,1.0,0.0,1.4976641854821295
376,848,1,0,1.98,25,5,2013,0.0,0.0,1.0,0.0,0.0,0.0,1.0,0.0,0.7488320927410648
376,849,2,0,1.98,26,5,2013,0.0,0.0,1.0,0.0,0.0,0.0,1.0,0.0,0.8744160463705324
376,850,3,0,1.98,27,5,2013,0.0,1.0,0.0,0.0,0.0,0.0,1.0,0.0,0.9372080231852662
376,851,4,0,1.98,28,5,2013,0.0,0.0,1.0,0.0,0.0,0.0,1.0,0.0,0.4686040115926331
376,852,5,0,1.98,29,5,2013,0.0,0.0,1.0,0.0,0.0,0.0,1.0,0.0,0.7343020057963165
376,853,6,0,1.98,30,5,2013,0.0,0.0,1.0,0.0,0.0,0.0,1.0,0.0,1.3671510028981584
376,854,7,0,1.98,31,5,2013,0.0,0.0,1.0,0.0,0.0,0.0,1.0,0.0,1.1835755014490792
376,855,1,0,1.98,1,6,2013,0.0,0.0,1.0,0.0,0.0,0.0,1.0,0.0,0.5917877507245396
376,856,2,1,1.98,2,6,2013,0.0,0.0,1.0,0.0,0.0,0.0,1.0,0.0,0.2958938753622698
376,857,3,1,1.98,3,6,2013,0.0,0.0,1.0,0.0,0.0,0.0,1.0,0.0,0.6479469376811349
376,858,4,0,1.98,4,6,2013,0.0,0.0,1.0,0.0,0.0,0.0,1.0,0.0,1.8239734688405673
376,859,5,1,1.98,5,6,2013,0.0,0.0,1.0,0.0,0.0,0.0,1.0,0.0,0.9119867344202837
376,860,6,1,1.98,6,6,2013,0.0,0.0,0.0,0.0,1.0,0.0,1.0,0.0,0.9559933672101418
376,861,7,0,1.98,7,6,2013,0.0,0.0,1.0,0.0,0.0,0.0,1.0,0.0,2.977996683605071
376,862,1,1,1.98,8,6,2013,0.0,0.0,1.0,0.0,0.0,0.0,1.0,0.0,2.488998341802535
376,863,2,1,1.98,9,6,2013,0.0,0.0,1.0,0.0,0.0,0.0,1.0,0.0,1.2444991709012676
376,864,3,0,1.98,10,6,2013,0.0,0.0,1.0,0.0,0.0,0.0,1.0,0.0,3.122249585450634
376,865,4,1,1.98,11,6,2013,0.0,0.0,1.0,0.0,0.0,0.0,1.0,0.0,1.561124792725317
376,866,5,1,1.98,12,6,2013,0.0,0.0,1.0,0.0,0.0,0.0,1.0,0.0,0.7805623963626585
376,867,6,0,1.98,13,6,2013,0.0,0.0,1.0,0.0,0.0,0.0,1.0,0.0,1.3902811981813292
376,868,7,1,1.98,14,6,2013,0.0,0.0,1.0,0.0,0.0,0.0,1.0,0.0,0.6951405990906646
376,869,1,1,1.98,15,6,2013,0.0,0.0,1.0,0.0,0.0,0.0,1.0,0.0,1.3475702995453323
376,870,2,0,1.98,16,6,2013,1.0,0.0,0.0,0.0,0.0,0.0,1.0,0.0,1.1737851497726661
376,871,3,0,1.98,17,6,2013,0.0,0.0,1.0,0.0,0.0,0.0,1.0,0.0,1.086892574886333
376,872,4,0,1.98,18,6,2013,0.0,0.0,1.0,0.0,0.0,0.0,1.0,0.0,2.0434462874431665
376,873,5,0,1.98,19,6,2013,0.0,0.0,1.0,0.0,0.0,0.0,1.0,0.0,1.0217231437215832
376,874,6,0,1.98,20,6,2013,0.0,0.0,0.0,0.0,1.0,0.0,1.0,0.0,1.5108615718607916
376,875,7,0,1.98,21,6,2013,0.0,0.0,1.0,0.0,0.0,0.0,1.0,0.0,0.7554307859303958
376,876,1,0,1.98,22,6,2013,0.0,0.0,1.0,0.0,0.0,0.0,1.0,0.0,0.3777153929651979
376,877,2,0,1.98,23,6,2013,0.0,0.0,1.0,0.0,0.0,0.0,1.0,0.0,0.18885769648259895
376,878,3,0,1.98,24,6,2013,0.0,0.0,1.0,0.0,0.0,0.0,1.0,0.0,0.09442884824129948
376,879,4,0,1.98,25,6,2013,0.0,0.0,1.0,0.0,0.0,0.0,1.0,0.0,0.04721442412064974
376,880,5,0,1.98,26,6,2013,0.0,0.0,1.0,0.0,0.0,0.0,1.0,0.0,0.5236072120603249
376,881,6,0,1.98,27,6,2013,0.0,0.0,1.0,0.0,0.0,0.0,1.0,0.0,0.26180360603016245
376,882,7,0,1.98,28,6,2013,0.0,0.0,1.0,0.0,0.0,0.0,1.0,0.0,0.13090180301508123
376,883,1,0,1.98,29,6,2013,0.0,0.0,1.0,0.0,0.0,0.0,1.0,0.0,0.06545090150754061
376,884,2,0,1.98,30,6,2013,0.0,0.0,1.0,0.0,0.0,0.0,1.0,0.0,0.032725450753770306
376,885,3,0,1.98,1,7,2013,0.0,0.0,1.0,0.0,0.0,0.0,1.0,0.0,0.5163627253768851
376,886,4,1,1.98,2,7,2013,0.0,0.0,1.0,0.0,0.0,0.0,1.0,0.0,0.25818136268844255
376,887,5,1,1.98,3,7,2013,0.0,0.0,1.0,0.0,0.0,0.0,1.0,0.0,0.12909068134422128
376,888,6,0,1.98,4,7,2013,0.0,1.0,0.0,0.0,0.0,0.0,1.0,0.0,0.06454534067211064
376,889,7,1,1.98,5,7,2013,0.0,0.0,1.0,0.0,0.0,0.0,1.0,0.0,0.03227267033605532
376,890,1,1,1.98,6,7,2013,0.0,0.0,1.0,0.0,0.0,0.0,1.0,0.0,0.01613633516802766
376,891,2,0,1.98,7,7,2013,0.0,0.0,1.0,0.0,0.0,0.0,1.0,0.0,0.00806816758401383
376,892,3,1,1.98,8,7,2013,0.0,0.0,1.0,0.0,0.0,0.0,1.0,0.0,1.004034083792007
376,893,4,1,1.98,9,7,2013,0.0,0.0,0.0,1.0,0.0,0.0,1.0,0.0,1.5020170418960035
376,894,5,0,1.98,10,7,2013,0.0,0.0,1.0,0.0,0.0,0.0,1.0,0.0,0.7510085209480017
376,895,6,1,1.98,11,7,2013,0.0,0.0,1.0,0.0,0.0,0.0,1.0,0.0,3.375504260474001
376,896,7,1,1.98,12,7,2013,0.0,0.0,1.0,0.0,0.0,0.0,1.0,0.0,2.1877521302370004
376,897,1,0,1.98,13,7,2013,0.0,0.0,1.0,0.0,0.0,0.0,1.0,0.0,1.0938760651185002
376,898,2,1,1.98,14,7,2013,0.0,0.0,1.0,0.0,0.0,0.0,1.0,0.0,2.0469380325592503
376,899,3,1,1.98,15,7,2013,0.0,0.0,1.0,0.0,0.0,0.0,1.0,0.0,1.0234690162796252
376,900,4,0,1.98,16,7,2013,0.0,0.0,1.0,0.0,0.0,0.0,1.0,0.0,0.5117345081398126
376,901,5,0,1.98,17,7,2013,0.0,0.0,1.0,0.0,0.0,0.0,1.0,0.0,0.2558672540699063
376,902,6,0,1.98,18,7,2013,0.0,0.0,1.0,0.0,0.0,0.0,1.0,0.0,0.12793362703495315
376,903,7,0,1.98,19,7,2013,0.0,0.0,1.0,0.0,0.0,0.0,1.0,0.0,0.5639668135174766
376,904,1,0,1.98,20,7,2013,0.0,0.0,1.0,0.0,0.0,0.0,1.0,0.0,1.7819834067587383
376,905,2,0,1.98,21,7,2013,0.0,0.0,1.0,0.0,0.0,0.0,1.0,0.0,0.8909917033793692
376,906,3,0,1.98,22,7,2013,0.0,0.0,1.0,0.0,0.0,0.0,1.0,0.0,1.4454958516896845
376,907,4,0,1.98,23,7,2013,0.0,0.0,1.0,0.0,0.0,0.0,1.0,0.0,0.7227479258448423
376,908,5,0,1.98,24,7,2013,0.0,0.0,1.0,0.0,0.0,0.0,1.0,0.0,2.8613739629224213
376,909,6,0,1.98,25,7,2013,0.0,0.0,1.0,0.0,0.0,0.0,1.0,0.0,1.4306869814612106
376,910,7,0,1.98,26,7,2013,0.0,0.0,1.0,0.0,0.0,0.0,1.0,0.0,1.2153434907306053
376,911,1,0,1.98,27,7,2013,0.0,0.0,1.0,0.0,0.0,0.0,1.0,0.0,1.6076717453653027
376,912,2,0,1.98,28,7,2013,0.0,0.0,1.0,0.0,0.0,0.0,1.0,0.0,0.8038358726826513
376,913,3,0,1.98,29,7,2013,0.0,0.0,1.0,0.0,0.0,0.0,1.0,0.0,0.40191793634132567
376,914,4,0,1.98,30,7,2013,0.0,0.0,1.0,0.0,0.0,0.0,1.0,0.0,0.20095896817066283
376,915,5,0,1.98,31,7,2013,0.0,0.0,1.0,0.0,0.0,0.0,1.0,0.0,0.10047948408533142
376,916,6,0,1.98,1,8,2013,0.0,0.0,1.0,0.0,0.0,0.0,1.0,0.0,0.05023974204266571
376,917,7,1,1.98,2,8,2013,0.0,0.0,1.0,0.0,0.0,0.0,1.0,0.0,0.025119871021332854
376,918,1,1,1.98,3,8,2013,0.0,0.0,1.0,0.0,0.0,0.0,1.0,0.0,1.0125599355106665
376,919,2,0,1.98,4,8,2013,0.0,0.0,1.0,0.0,0.0,0.0,1.0,0.0,0.5062799677553332
376,920,3,1,1.98,5,8,2013,0.0,0.0,1.0,0.0,0.0,0.0,1.0,0.0,0.2531399838776666
376,921,4,1,1.98,6,8,2013,0.0,0.0,1.0,0.0,0.0,0.0,1.0,0.0,0.1265699919388333
376,922,5,0,1.98,7,8,2013,0.0,0.0,1.0,0.0,0.0,0.0,1.0,0.0,0.06328499596941665
376,923,6,1,1.98,8,8,2013,0.0,0.0,0.0,1.0,0.0,0.0,1.0,0.0,0.03164249798470833
376,924,7,1,1.98,9,8,2013,0.0,0.0,1.0,0.0,0.0,0.0,1.0,0.0,0.015821248992354164
376,925,1,0,1.98,10,8,2013,0.0,0.0,1.0,0.0,0.0,0.0,1.0,0.0,0.007910624496177082
376,926,2,1,1.98,11,8,2013,0.0,0.0,1.0,0.0,0.0,0.0,1.0,0.0,1.0039553122480886
376,927,3,1,1.98,12,8,2013,0.0,0.0,1.0,0.0,0.0,0.0,1.0,0.0,0.5019776561240443
376,928,4,0,1.98,13,8,2013,0.0,0.0,1.0,0.0,0.0,0.0,1.0,0.0,0.25098882806202216
376,929,5,1,1.98,14,8,2013,0.0,0.0,1.0,0.0,0.0,0.0,1.0,0.0,0.12549441403101108
376,930,6,1,1.98,15,8,2013,0.0,0.0,1.0,0.0,0.0,0.0,1.0,0.0,3.0627472070155055
376,931,7,0,1.98,16,8,2013,0.0,0.0,1.0,0.0,0.0,0.0,1.0,0.0,2.0313736035077525
376,932,1,0,1.98,17,8,2013,0.0,0.0,1.0,0.0,0.0,0.0,1.0,0.0,2.0156868017538763
376,933,2,0,1.98,18,8,2013,0.0,0.0,1.0,0.0,0.0,0.0,1.0,0.0,1.5078434008769381
376,934,3,0,1.98,19,8,2013,0.0,0.0,1.0,0.0,0.0,0.0,1.0,0.0,2.253921700438469
376,935,4,0,1.98,20,8,2013,0.0,0.0,1.0,0.0,0.0,0.0,1.0,0.0,1.6269608502192345
376,936,5,0,1.98,21,8,2013,0.0,0.0,1.0,0.0,0.0,0.0,1.0,0.0,0.8134804251096173
376,937,6,0,1.98,22,8,2013,0.0,0.0,1.0,0.0,0.0,0.0,1.0,0.0,0.40674021255480863
376,938,7,0,1.98,23,8,2013,0.0,0.0,1.0,0.0,0.0,0.0,1.0,0.0,0.7033701062774043
376,939,1,0,1.98,24,8,2013,0.0,0.0,1.0,0.0,0.0,0.0,1.0,0.0,0.35168505313870213
376,940,2,0,1.98,25,8,2013,0.0,0.0,1.0,0.0,0.0,0.0,1.0,0.0,0.6758425265693511
376,941,3,0,1.98,26,8,2013,0.0,0.0,1.0,0.0,0.0,0.0,1.0,0.0,0.33792126328467553
376,942,4,0,1.98,27,8,2013,0.0,0.0,1.0,0.0,0.0,0.0,1.0,0.0,0.16896063164233777
376,943,5,0,1.98,28,8,2013,0.0,0.0,1.0,0.0,0.0,0.0,1.0,0.0,0.08448031582116888
376,944,6,0,1.98,29,8,2013,0.0,0.0,1.0,0.0,0.0,0.0,1.0,0.0,0.5422401579105844
376,945,7,0,1.98,30,8,2013,0.0,0.0,1.0,0.0,0.0,0.0,1.0,0.0,0.2711200789552922
376,946,1,0,1.98,31,8,2013,0.0,0.0,1.0,0.0,0.0,0.0,1.0,0.0,1.1355600394776462
376,947,2,0,1.98,1,9,2013,0.0,0.0,1.0,0.0,0.0,0.0,1.0,0.0,0.5677800197388231
376,948,3,1,1.98,2,9,2013,0.0,1.0,0.0,0.0,0.0,0.0,1.0,0.0,5.7838900098694115
376,949,4,1,1.98,3,9,2013,0.0,0.0,1.0,0.0,0.0,0.0,1.0,0.0,2.8919450049347057
376,950,5,0,1.98,4,9,2013,0.0,0.0,1.0,0.0,0.0,0.0,1.0,0.0,1.4459725024673529
376,951,6,1,1.98,5,9,2013,0.0,0.0,1.0,0.0,0.0,0.0,1.0,0.0,1.2229862512336764
376,952,7,1,1.98,6,9,2013,0.0,0.0,1.0,0.0,0.0,0.0,1.0,0.0,1.111493125616838
376,953,1,0,1.98,7,9,2013,0.0,0.0,1.0,0.0,0.0,0.0,1.0,0.0,1.055746562808419
376,954,2,1,1.98,8,9,2013,0.0,0.0,1.0,0.0,0.0,0.0,1.0,0.0,1.0278732814042095
376,955,3,1,1.98,9,9,2013,0.0,0.0,1.0,0.0,0.0,0.0,1.0,0.0,1.0139366407021049
376,956,4,0,1.98,10,9,2013,0.0,0.0,1.0,0.0,0.0,0.0,1.0,0.0,0.5069683203510524
376,957,5,1,1.98,11,9,2013,0.0,0.0,1.0,0.0,0.0,0.0,1.0,0.0,0.2534841601755262
376,958,6,1,1.98,12,9,2013,0.0,0.0,1.0,0.0,0.0,0.0,1.0,0.0,0.1267420800877631
376,959,7,0,1.98,13,9,2013,0.0,0.0,1.0,0.0,0.0,0.0,1.0,0.0,0.06337104004388155
376,960,1,1,1.98,14,9,2013,0.0,0.0,1.0,0.0,0.0,0.0,1.0,0.0,0.03168552002194078
376,961,2,1,1.98,15,9,2013,0.0,0.0,1.0,0.0,0.0,0.0,1.0,0.0,0.5158427600109704
376,962,3,0,1.98,16,9,2013,0.0,0.0,1.0,0.0,0.0,0.0,1.0,0.0,1.7579213800054851
376,963,4,0,1.98,17,9,2013,0.0,0.0,1.0,0.0,0.0,0.0,1.0,0.0,0.8789606900027426
376,964,5,0,1.98,18,9,2013,0.0,0.0,1.0,0.0,0.0,0.0,1.0,0.0,1.4394803450013713
376,965,6,0,1.98,19,9,2013,0.0,0.0,1.0,0.0,0.0,0.0,1.0,0.0,1.2197401725006856
376,966,7,0,1.98,20,9,2013,0.0,0.0,1.0,0.0,0.0,0.0,1.0,0.0,0.6098700862503428
376,967,1,0,1.98,21,9,2013,0.0,0.0,1.0,0.0,0.0,0.0,1.0,0.0,0.8049350431251714
376,968,2,0,1.98,22,9,2013,0.0,0.0,1.0,0.0,0.0,0.0,1.0,0.0,0.4024675215625857
376,969,3,0,1.98,23,9,2013,0.0,0.0,1.0,0.0,0.0,0.0,1.0,0.0,1.2012337607812928
376,970,4,0,1.98,24,9,2013,0.0,0.0,1.0,0.0,0.0,0.0,1.0,0.0,1.1006168803906464
376,971,5,0,1.98,25,9,2013,0.0,0.0,1.0,0.0,0.0,0.0,1.0,0.0,0.5503084401953232
376,972,6,0,1.98,26,9,2013,0.0,0.0,1.0,0.0,0.0,0.0,1.0,0.0,0.2751542200976616
376,973,7,0,1.98,27,9,2013,0.0,0.0,1.0,0.0,0.0,0.0,1.0,0.0,1.6375771100488308
376,974,1,0,1.98,28,9,2013,0.0,0.0,1.0,0.0,0.0,0.0,1.0,0.0,1.3187885550244154
376,975,2,0,1.98,29,9,2013,0.0,0.0,1.0,0.0,0.0,0.0,1.0,0.0,2.1593942775122077
376,976,3,0,1.98,30,9,2013,0.0,0.0,1.0,0.0,0.0,0.0,1.0,0.0,1.5796971387561038
376,977,4,0,1.98,1,10,2013,0.0,0.0,1.0,0.0,0.0,0.0,1.0,0.0,0.7898485693780519
376,978,5,1,1.98,2,10,2013,0.0,0.0,1.0,0.0,0.0,0.0,1.0,0.0,0.39492428468902596
376,979,6,1,1.98,3,10,2013,0.0,0.0,1.0,0.0,0.0,0.0,1.0,0.0,0.19746214234451298
376,980,7,0,1.98,4,10,2013,0.0,0.0,1.0,0.0,0.0,0.0,1.0,0.0,0.5987310711722564
376,981,1,1,1.98,5,10,2013,0.0,0.0,1.0,0.0,0.0,0.0,1.0,0.0,0.2993655355861282
376,982,2,1,1.98,6,10,2013,0.0,0.0,1.0,0.0,0.0,0.0,1.0,0.0,0.1496827677930641
376,983,3,0,1.98,7,10,2013,0.0,0.0,1.0,0.0,0.0,0.0,1.0,0.0,0.07484138389653205
376,984,4,1,1.98,8,10,2013,0.0,0.0,1.0,0.0,0.0,0.0,1.0,0.0,0.03742069194826603
376,985,5,1,1.98,9,10,2013,0.0,0.0,1.0,0.0,0.0,0.0,1.0,0.0,1.018710345974133
376,986,6,0,1.98,10,10,2013,0.0,0.0,1.0,0.0,0.0,0.0,1.0,0.0,0.5093551729870665
376,987,7,1,1.98,11,10,2013,0.0,0.0,1.0,0.0,0.0,0.0,1.0,0.0,0.7546775864935332
376,988,1,1,1.98,12,10,2013,0.0,0.0,1.0,0.0,0.0,0.0,1.0,0.0,0.8773387932467667
376,989,2,0,1.98,13,10,2013,0.0,0.0,1.0,0.0,0.0,0.0,1.0,0.0,0.9386693966233833
376,990,3,1,1.98,14,10,2013,0.0,1.0,0.0,0.0,0.0,0.0,1.0,0.0,0.46933469831169167
376,991,4,1,1.98,15,10,2013,0.0,0.0,0.0,1.0,0.0,0.0,1.0,0.0,0.23466734915584583
376,992,5,0,1.98,16,10,2013,0.0,0.0,1.0,0.0,0.0,0.0,1.0,0.0,0.6173336745779229
376,993,6,0,1.98,17,10,2013,0.0,0.0,1.0,0.0,0.0,0.0,1.0,0.0,0.8086668372889614
376,994,7,0,1.98,18,10,2013,0.0,0.0,1.0,0.0,0.0,0.0,1.0,0.0,0.9043334186444807
376,995,1,0,1.98,19,10,2013,0.0,0.0,1.0,0.0,0.0,0.0,1.0,0.0,0.9521667093222403
376,996,2,0,1.98,20,10,2013,0.0,0.0,1.0,0.0,0.0,0.0,1.0,0.0,3.47608335466112
376,997,3,0,1.98,21,10,2013,0.0,0.0,1.0,0.0,0.0,0.0,1.0,0.0,1.73804167733056
376,998,4,0,1.98,22,10,2013,0.0,0.0,1.0,0.0,0.0,0.0,1.0,0.0,0.86902083866528
376,999,5,0,1.98,23,10,2013,0.0,0.0,1.0,0.0,0.0,0.0,1.0,0.0,0.43451041933264
376,1000,6,0,1.98,24,10,2013,0.0,0.0,1.0,0.0,0.0,0.0,1.0,0.0,0.21725520966632
376,1001,7,0,1.98,25,10,2013,0.0,0.0,1.0,0.0,0.0,0.0,1.0,0.0,0.10862760483316
376,1002,1,0,1.98,26,10,2013,0.0,0.0,1.0,0.0,0.0,0.0,1.0,0.0,1.05431380241658
376,1003,2,0,1.98,27,10,2013,0.0,0.0,1.0,0.0,0.0,0.0,1.0,0.0,2.02715690120829
376,1004,3,0,1.98,28,10,2013,0.0,0.0,1.0,0.0,0.0,0.0,1.0,0.0,2.013578450604145
376,1005,4,0,1.98,29,10,2013,0.0,0.0,1.0,0.0,0.0,0.0,1.0,0.0,1.0067892253020725
376,1006,5,0,1.98,30,10,2013,0.0,0.0,1.0,0.0,0.0,0.0,1.0,0.0,2.0033946126510362
376,1007,6,0,1.98,31,10,2013,1.0,0.0,0.0,0.0,0.0,0.0,1.0,0.0,1.0016973063255181
376,1008,7,0,1.98,1,11,2013,0.0,0.0,1.0,0.0,0.0,0.0,1.0,0.0,1.500848653162759
376,1009,1,1,1.98,2,11,2013,0.0,0.0,1.0,0.0,0.0,0.0,1.0,0.0,1.7504243265813795
376,1010,2,1,1.98,3,11,2013,0.0,0.0,1.0,0.0,0.0,0.0,1.0,0.0,1.3752121632906897
376,1011,3,0,1.98,4,11,2013,0.0,0.0,1.0,0.0,0.0,0.0,1.0,0.0,1.1876060816453449
376,1012,4,1,1.98,5,11,2013,0.0,0.0,1.0,0.0,0.0,0.0,1.0,0.0,0.5938030408226724
376,1013,5,1,1.98,6,11,2013,0.0,0.0,1.0,0.0,0.0,0.0,1.0,0.0,0.2969015204113362
376,1014,6,0,1.98,7,11,2013,0.0,0.0,1.0,0.0,0.0,0.0,1.0,0.0,0.1484507602056681
376,1015,7,1,1.98,8,11,2013,0.0,0.0,1.0,0.0,0.0,0.0,1.0,0.0,0.07422538010283405
376,1016,1,1,1.98,9,11,2013,0.0,0.0,1.0,0.0,0.0,0.0,1.0,0.0,1.037112690051417
376,1017,2,0,1.98,10,11,2013,0.0,0.0,1.0,0.0,0.0,0.0,1.0,0.0,1.5185563450257085
376,1018,3,1,1.98,11,11,2013,0.0,1.0,0.0,0.0,0.0,0.0,1.0,0.0,0.7592781725128542
376,1019,4,1,1.98,12,11,2013,0.0,0.0,1.0,0.0,0.0,0.0,1.0,0.0,0.3796390862564271
376,1020,5,0,1.98,13,11,2013,0.0,0.0,1.0,0.0,0.0,0.0,1.0,0.0,0.18981954312821356
376,1021,6,1,1.98,14,11,2013,0.0,0.0,1.0,0.0,0.0,0.0,1.0,0.0,0.09490977156410678
376,1022,7,1,1.98,15,11,2013,0.0,0.0,1.0,0.0,0.0,0.0,1.0,0.0,0.04745488578205339
376,1023,1,0,1.98,16,11,2013,0.0,0.0,1.0,0.0,0.0,0.0,1.0,0.0,0.023727442891026695
376,1024,2,0,1.98,17,11,2013,0.0,0.0,1.0,0.0,0.0,0.0,1.0,0.0,2.0118637214455135
376,1025,3,0,1.98,18,11,2013,0.0,0.0,1.0,0.0,0.0,0.0,1.0,0.0,1.0059318607227568
376,1026,4,0,1.98,19,11,2013,0.0,0.0,1.0,0.0,0.0,0.0,1.0,0.0,0.5029659303613784
376,1027,5,0,1.98,20,11,2013,0.0,0.0,1.0,0.0,0.0,0.0,1.0,0.0,0.7514829651806891
376,1028,6,0,1.98,21,11,2013,0.0,0.0,1.0,0.0,0.0,0.0,1.0,0.0,0.37574148259034457
376,1029,7,0,1.98,22,11,2013,0.0,0.0,1.0,0.0,0.0,0.0,1.0,0.0,0.18787074129517228
376,1030,1,0,1.98,23,11,2013,0.0,0.0,1.0,0.0,0.0,0.0,1.0,0.0,1.093935370647586
376,1031,2,0,1.98,24,11,2013,0.0,0.0,1.0,0.0,0.0,0.0,1.0,0.0,0.546967685323793
376,1032,3,0,1.98,25,11,2013,0.0,0.0,1.0,0.0,0.0,0.0,1.0,0.0,0.2734838426618965
376,1033,4,0,1.98,26,11,2013,0.0,0.0,1.0,0.0,0.0,0.0,1.0,0.0,0.13674192133094826
376,1034,5,0,1.98,27,11,2013,0.0,0.0,1.0,0.0,0.0,0.0,1.0,0.0,0.06837096066547413
376,1035,6,0,1.98,28,11,2013,0.0,1.0,0.0,0.0,0.0,0.0,1.0,0.0,0.034185480332737064
376,1036,7,0,1.98,29,11,2013,0.0,0.0,1.0,0.0,0.0,0.0,1.0,0.0,0.017092740166368532
376,1037,1,0,1.98,30,11,2013,0.0,0.0,1.0,0.0,0.0,0.0,1.0,0.0,0.5085463700831843
376,1038,2,0,1.98,1,12,2013,0.0,0.0,1.0,0.0,0.0,0.0,1.0,0.0,0.25427318504159213
376,1039,3,1,1.98,2,12,2013,0.0,0.0,1.0,0.0,0.0,0.0,1.0,0.0,2.127136592520796
376,1040,4,1,1.98,3,12,2013,0.0,0.0,1.0,0.0,0.0,0.0,1.0,0.0,1.063568296260398
376,1041,5,0,1.98,4,12,2013,0.0,0.0,1.0,0.0,0.0,0.0,1.0,0.0,1.531784148130199
376,1042,6,1,1.98,5,12,2013,0.0,0.0,0.0,1.0,0.0,0.0,1.0,0.0,2.2658920740650994
376,1043,7,1,1.98,6,12,2013,0.0,0.0,1.0,0.0,0.0,0.0,1.0,0.0,1.1329460370325497
376,1044,1,0,1.98,7,12,2013,0.0,0.0,1.0,0.0,0.0,0.0,1.0,0.0,1.066473018516275
376,1045,2,1,1.98,8,12,2013,0.0,0.0,1.0,0.0,0.0,0.0,1.0,0.0,0.5332365092581375
376,1046,3,1,1.98,9,12,2013,0.0,0.0,1.0,0.0,0.0,0.0,1.0,0.0,1.2666182546290687
376,1047,4,0,1.98,10,12,2013,0.0,0.0,1.0,0.0,0.0,0.0,1.0,0.0,2.1333091273145346
376,1048,5,1,1.98,11,12,2013,0.0,0.0,1.0,0.0,0.0,0.0,1.0,0.0,1.5666545636572673
376,1049,6,1,1.98,12,12,2013,0.0,0.0,1.0,0.0,0.0,0.0,1.0,0.0,2.2833272818286336
376,1050,7,0,1.98,13,12,2013,0.0,0.0,1.0,0.0,0.0,0.0,1.0,0.0,1.1416636409143168
376,1051,1,1,1.98,14,12,2013,0.0,0.0,1.0,0.0,0.0,0.0,1.0,0.0,1.0708318204571583
376,1052,2,1,1.98,15,12,2013,0.0,0.0,1.0,0.0,0.0,0.0,1.0,0.0,1.0354159102285792
376,1053,3,0,1.98,16,12,2013,0.0,0.0,1.0,0.0,0.0,0.0,1.0,0.0,0.5177079551142896
376,1054,4,0,1.98,17,12,2013,0.0,0.0,1.0,0.0,0.0,0.0,1.0,0.0,1.7588539775571448
376,1055,5,0,1.98,18,12,2013,0.0,0.0,1.0,0.0,0.0,0.0,1.0,0.0,0.8794269887785724
376,1056,6,0,1.98,19,12,2013,0.0,0.0,1.0,0.0,0.0,0.0,1.0,0.0,0.9397134943892862
376,1057,7,0,1.98,20,12,2013,0.0,0.0,1.0,0.0,0.0,0.0,1.0,0.0,0.4698567471946431
376,1058,1,0,1.98,21,12,2013,0.0,0.0,1.0,0.0,0.0,0.0,1.0,0.0,0.23492837359732155
376,1059,2,0,1.98,22,12,2013,0.0,0.0,1.0,0.0,0.0,0.0,1.0,0.0,2.617464186798661
376,1060,3,0,1.98,23,12,2013,0.0,0.0,1.0,0.0,0.0,0.0,1.0,0.0,1.3087320933993305
376,1061,4,0,1.98,24,12,2013,0.0,0.0,1.0,0.0,0.0,0.0,1.0,0.0,0.6543660466996652
376,1062,5,0,1.98,25,12,2013,0.0,1.0,0.0,0.0,0.0,0.0,1.0,0.0,0.3271830233498326
376,1063,6,0,1.98,26,12,2013,0.0,0.0,1.0,0.0,0.0,0.0,1.0,0.0,0.1635915116749163
376,1064,7,0,1.98,27,12,2013,0.0,0.0,1.0,0.0,0.0,0.0,1.0,0.0,0.08179575583745816
376,1065,1,0,1.98,28,12,2013,0.0,0.0,1.0,0.0,0.0,0.0,1.0,0.0,0.04089787791872908
376,1066,2,0,1.98,29,12,2013,0.0,0.0,1.0,0.0,0.0,0.0,1.0,0.0,0.02044893895936454
376,1067,3,0,1.98,30,12,2013,0.0,0.0,1.0,0.0,0.0,0.0,1.0,0.0,0.01022446947968227
376,1068,4,0,1.98,31,12,2013,0.0,0.0,1.0,0.0,0.0,0.0,1.0,0.0,0.005112234739841135
376,1069,5,0,1.98,1,1,2014,0.0,1.0,0.0,0.0,0.0,0.0,1.0,0.0,0.0025561173699205674
376,1070,6,1,1.98,2,1,2014,0.0,0.0,1.0,0.0,0.0,0.0,1.0,0.0,0.0012780586849602837
376,1071,7,1,1.98,3,1,2014,0.0,0.0,1.0,0.0,0.0,0.0,1.0,0.0,0.0006390293424801418
376,1072,1,0,1.98,4,1,2014,0.0,0.0,1.0,0.0,0.0,0.0,1.0,0.0,0.0003195146712400709
376,1073,2,1,1.98,5,1,2014,0.0,0.0,1.0,0.0,0.0,0.0,1.0,0.0,0.00015975733562003546
376,1074,3,1,1.98,6,1,2014,0.0,0.0,1.0,0.0,0.0,0.0,1.0,0.0,7.987866781001773e-05
376,1075,4,0,1.98,7,1,2014,0.0,0.0,0.0,1.0,0.0,0.0,1.0,0.0,3.9939333905008865e-05
376,1076,5,1,1.98,8,1,2014,0.0,0.0,1.0,0.0,0.0,0.0,1.0,0.0,1.9969666952504433e-05
376,1077,6,1,1.98,9,1,2014,0.0,0.0,1.0,0.0,0.0,0.0,1.0,0.0,9.984833476252216e-06
376,1078,7,0,1.98,10,1,2014,0.0,0.0,1.0,0.0,0.0,0.0,1.0,0.0,4.992416738126108e-06
376,1079,1,1,1.98,11,1,2014,0.0,0.0,1.0,0.0,0.0,0.0,1.0,0.0,2.496208369063054e-06
376,1080,2,1,1.98,12,1,2014,0.0,0.0,1.0,0.0,0.0,0.0,1.0,0.0,1.248104184531527e-06
376,1081,3,0,1.98,13,1,2014,0.0,0.0,1.0,0.0,0.0,0.0,1.0,0.0,6.240520922657635e-07
376,1082,4,1,1.98,14,1,2014,0.0,0.0,1.0,0.0,0.0,0.0,1.0,0.0,3.1202604613288176e-07
376,1083,5,1,1.98,15,1,2014,0.0,0.0,1.0,0.0,0.0,0.0,1.0,0.0,1.5601302306644088e-07
376,1084,6,0,1.98,16,1,2014,0.0,0.0,1.0,0.0,0.0,0.0,1.0,0.0,7.800651153322044e-08
376,1085,7,0,1.98,17,1,2014,0.0,0.0,1.0,0.0,0.0,0.0,1.0,0.0,3.900325576661022e-08
376,1086,1,0,1.98,18,1,2014,0.0,0.0,1.0,0.0,0.0,0.0,1.0,0.0,1.950162788330511e-08
376,1087,2,0,1.98,19,1,2014,0.0,0.0,1.0,0.0,0.0,0.0,1.0,0.0,9.750813941652555e-09
376,1088,3,0,1.98,20,1,2014,0.0,1.0,0.0,0.0,0.0,0.0,1.0,0.0,4.8754069708262775e-09
376,1089,4,0,1.98,21,1,2014,0.0,0.0,1.0,0.0,0.0,0.0,1.0,0.0,2.4377034854131388e-09
376,1090,5,0,1.98,22,1,2014,0.0,0.0,1.0,0.0,0.0,0.0,1.0,0.0,1.2188517427065694e-09
376,1091,6,0,1.98,23,1,2014,0.0,0.0,1.0,0.0,0.0,0.0,1.0,0.0,6.094258713532847e-10
376,1092,7,0,1.98,24,1,2014,0.0,0.0,1.0,0.0,0.0,0.0,1.0,0.0,3.0471293567664234e-10
376,1093,1,0,1.98,25,1,2014,0.0,0.0,1.0,0.0,0.0,0.0,1.0,0.0,1.5235646783832117e-10
376,1094,2,0,1.98,26,1,2014,0.0,0.0,1.0,0.0,0.0,0.0,1.0,0.0,7.617823391916059e-11
376,1095,3,0,1.98,27,1,2014,0.0,0.0,1.0,0.0,0.0,0.0,1.0,0.0,3.808911695958029e-11
376,1096,4,0,1.98,28,1,2014,0.0,0.0,1.0,0.0,0.0,0.0,1.0,0.0,1.9044558479790146e-11
376,1097,5,0,1.98,29,1,2014,0.0,0.0,1.0,0.0,0.0,0.0,1.0,0.0,9.522279239895073e-12
376,1098,6,0,1.98,30,1,2014,0.0,0.0,1.0,0.0,0.0,0.0,1.0,0.0,4.761139619947537e-12
376,1099,7,0,1.98,31,1,2014,0.0,0.0,1.0,0.0,0.0,0.0,1.0,0.0,2.3805698099737683e-12
376,1100,1,0,1.98,1,2,2014,0.0,0.0,1.0,0.0,0.0,0.0,1.0,0.0,1.1902849049868842e-12
376,1101,2,1,1.98,2,2,2014,0.0,0.0,0.0,0.0,1.0,0.0,1.0,0.0,5.951424524934421e-13
376,1102,3,1,1.98,3,2,2014,0.0,0.0,1.0,0.0,0.0,0.0,1.0,0.0,2.9757122624672104e-13
376,1103,4,0,1.98,4,2,2014,0.0,0.0,1.0,0.0,0.0,0.0,1.0,0.0,1.4878561312336052e-13
376,1104,5,1,1.98,5,2,2014,0.0,0.0,1.0,0.0,0.0,0.0,1.0,0.0,7.439280656168026e-14
376,1105,6,1,1.98,6,2,2014,0.0,0.0,1.0,0.0,0.0,0.0,1.0,0.0,3.719640328084013e-14
376,1106,7,0,1.98,7,2,2014,0.0,0.0,1.0,0.0,0.0,0.0,1.0,0.0,1.8598201640420065e-14
376,1107,1,1,1.98,8,2,2014,0.0,0.0,1.0,0.0,0.0,0.0,1.0,0.0,9.299100820210032e-15
376,1108,2,1,1.98,9,2,2014,0.0,0.0,1.0,0.0,0.0,0.0,1.0,0.0,4.649550410105016e-15
376,1109,3,0,1.98,10,2,2014,0.0,0.0,1.0,0.0,0.0,0.0,1.0,0.0,2.324775205052508e-15
376,1110,4,1,1.98,11,2,2014,0.0,0.0,1.0,0.0,0.0,0.0,1.0,0.0,1.162387602526254e-15
376,1111,5,1,1.98,12,2,2014,0.0,0.0,1.0,0.0,0.0,0.0,1.0,0.0,5.81193801263127e-16
376,1112,6,0,1.98,13,2,2014,0.0,0.0,1.0,0.0,0.0,0.0,1.0,0.0,2.905969006315635e-16
376,1113,7,1,1.98,14,2,2014,1.0,0.0,0.0,0.0,0.0,0.0,1.0,0.0,1.4529845031578176e-16
376,1114,1,1,1.98,15,2,2014,0.0,0.0,1.0,0.0,0.0,0.0,1.0,0.0,7.264922515789088e-17
376,1115,2,0,1.98,16,2,2014,0.0,0.0,1.0,0.0,0.0,0.0,1.0,0.0,3.632461257894544e-17
376,1116,3,0,1.98,17,2,2014,0.0,1.0,0.0,0.0,0.0,0.0,1.0,0.0,1.816230628947272e-17
376,1117,4,0,1.98,18,2,2014,0.0,0.0,1.0,0.0,0.0,0.0,1.0,0.0,9.08115314473636e-18
376,1118,5,0,1.98,19,2,2014,0.0,0.0,1.0,0.0,0.0,0.0,1.0,0.0,4.54057657236818e-18
376,1119,6,0,1.98,20,2,2014,0.0,0.0,1.0,0.0,0.0,0.0,1.0,0.0,2.27028828618409e-18
376,1120,7,0,1.98,21,2,2014,0.0,0.0,1.0,0.0,0.0,0.0,1.0,0.0,1.135144143092045e-18
376,1121,1,0,2.0,22,2,2014,0.0,0.0,1.0,0.0,0.0,0.0,1.0,0.0,5.675720715460225e-19
376,1122,2,0,2.0,23,2,2014,0.0,0.0,1.0,0.0,0.0,0.0,1.0,0.0,0.5
376,1123,3,0,2.0,24,2,2014,0.0,0.0,1.0,0.0,0.0,0.0,1.0,0.0,4.25
376,1124,4,0,2.0,25,2,2014,0.0,0.0,1.0,0.0,0.0,0.0,1.0,0.0,2.625
376,1125,5,0,2.0,26,2,2014,0.0,0.0,1.0,0.0,0.0,0.0,1.0,0.0,1.8125
376,1126,6,0,2.0,27,2,2014,0.0,0.0,1.0,0.0,0.0,0.0,1.0,0.0,0.90625
376,1127,7,0,2.0,28,2,2014,0.0,0.0,1.0,0.0,0.0,0.0,1.0,0.0,0.453125
376,1128,1,0,2.0,1,3,2014,0.0,0.0,1.0,0.0,0.0,0.0,1.0,0.0,0.7265625
376,1129,2,1,2.0,2,3,2014,0.0,0.0,1.0,0.0,0.0,0.0,1.0,0.0,0.36328125
376,1130,3,1,2.0,3,3,2014,0.0,0.0,1.0,0.0,0.0,0.0,1.0,0.0,0.181640625
376,1131,4,0,2.0,4,3,2014,0.0,0.0,1.0,0.0,0.0,0.0,1.0,0.0,0.0908203125
376,1132,5,1,2.0,5,3,2014,0.0,0.0,0.0,1.0,0.0,0.0,1.0,0.0,0.04541015625
376,1133,6,1,2.0,6,3,2014,0.0,0.0,1.0,0.0,0.0,0.0,1.0,0.0,0.022705078125
376,1134,7,0,2.0,7,3,2014,0.0,0.0,1.0,0.0,0.0,0.0,1.0,0.0,0.0113525390625
376,1135,1,1,2.0,8,3,2014,0.0,0.0,1.0,0.0,0.0,0.0,1.0,0.0,0.00567626953125
376,1136,2,1,2.0,9,3,2014,0.0,0.0,1.0,0.0,0.0,0.0,1.0,0.0,0.002838134765625
376,1137,3,0,2.0,10,3,2014,0.0,0.0,1.0,0.0,0.0,0.0,1.0,0.0,0.0014190673828125
376,1138,4,1,2.0,11,3,2014,0.0,0.0,1.0,0.0,0.0,0.0,1.0,0.0,2.0007095336914062
376,1139,5,1,2.0,12,3,2014,0.0,0.0,0.0,1.0,0.0,0.0,1.0,0.0,1.5003547668457031
376,1140,6,0,2.0,13,3,2014,0.0,0.0,1.0,0.0,0.0,0.0,1.0,0.0,0.7501773834228516
376,1141,7,1,2.0,14,3,2014,0.0,0.0,1.0,0.0,0.0,0.0,1.0,0.0,0.3750886917114258
376,1142,1,1,2.0,15,3,2014,0.0,0.0,1.0,0.0,0.0,0.0,1.0,0.0,0.1875443458557129
376,1143,2,0,2.0,16,3,2014,0.0,0.0,0.0,1.0,0.0,0.0,1.0,0.0,0.09377217292785645
376,1144,3,0,2.0,17,3,2014,1.0,0.0,0.0,0.0,0.0,0.0,1.0,0.0,0.5468860864639282
376,1145,4,0,2.0,18,3,2014,0.0,0.0,1.0,0.0,0.0,0.0,1.0,0.0,0.7734430432319641
376,1146,5,0,2.0,19,3,2014,0.0,0.0,1.0,0.0,0.0,0.0,1.0,0.0,0.38672152161598206
376,1147,6,0,2.0,20,3,2014,0.0,0.0,1.0,0.0,0.0,0.0,1.0,0.0,0.19336076080799103
376,1148,7,0,2.0,21,3,2014,0.0,0.0,1.0,0.0,0.0,0.0,1.0,0.0,0.09668038040399551
376,1149,1,0,2.0,22,3,2014,0.0,0.0,1.0,0.0,0.0,0.0,1.0,0.0,1.0483401902019978
376,1150,2,0,2.0,23,3,2014,0.0,0.0,1.0,0.0,0.0,0.0,1.0,0.0,1.0241700951009989
376,1151,3,0,2.0,24,3,2014,0.0,0.0,1.0,0.0,0.0,0.0,1.0,0.0,1.0120850475504994
376,1152,4,0,2.0,25,3,2014,0.0,0.0,1.0,0.0,0.0,0.0,1.0,0.0,0.5060425237752497
376,1153,5,0,2.0,26,3,2014,0.0,0.0,1.0,0.0,0.0,0.0,1.0,0.0,0.25302126188762486
376,1154,6,0,2.0,27,3,2014,0.0,0.0,1.0,0.0,0.0,0.0,1.0,0.0,0.12651063094381243
376,1155,7,0,2.0,28,3,2014,0.0,0.0,1.0,0.0,0.0,0.0,1.0,0.0,0.06325531547190621
376,1156,1,0,2.0,29,3,2014,0.0,0.0,1.0,0.0,0.0,0.0,1.0,0.0,0.03162765773595311
376,1157,2,0,2.0,30,3,2014,0.0,0.0,1.0,0.0,0.0,0.0,1.0,0.0,0.5158138288679766
376,1158,3,0,2.0,31,3,2014,0.0,0.0,1.0,0.0,0.0,0.0,1.0,0.0,0.2579069144339883
376,1159,4,0,2.0,1,4,2014,0.0,0.0,1.0,0.0,0.0,0.0,1.0,0.0,0.12895345721699414
376,1160,5,1,2.0,2,4,2014,0.0,0.0,1.0,0.0,0.0,0.0,1.0,0.0,0.5644767286084971
376,1161,6,1,2.0,3,4,2014,0.0,0.0,1.0,0.0,0.0,0.0,1.0,0.0,0.28223836430424853
376,1162,7,0,2.0,4,4,2014,0.0,0.0,1.0,0.0,0.0,0.0,1.0,0.0,0.6411191821521243
376,1163,1,1,2.0,5,4,2014,0.0,0.0,1.0,0.0,0.0,0.0,1.0,0.0,0.8205595910760621
376,1164,2,1,2.0,6,4,2014,0.0,0.0,1.0,0.0,0.0,0.0,1.0,0.0,0.9102797955380311
376,1165,3,0,2.0,7,4,2014,0.0,0.0,1.0,0.0,0.0,0.0,1.0,0.0,0.45513989776901553
376,1166,4,1,2.0,8,4,2014,0.0,0.0,1.0,0.0,0.0,0.0,1.0,0.0,0.7275699488845078
376,1167,5,1,2.0,9,4,2014,0.0,0.0,1.0,0.0,0.0,0.0,1.0,0.0,0.3637849744422539
376,1168,6,0,2.0,10,4,2014,0.0,0.0,1.0,0.0,0.0,0.0,1.0,0.0,0.18189248722112694
376,1169,7,1,2.0,11,4,2014,0.0,0.0,1.0,0.0,0.0,0.0,1.0,0.0,1.0909462436105635
376,1170,1,1,2.0,12,4,2014,0.0,0.0,1.0,0.0,0.0,0.0,1.0,0.0,2.0454731218052817
376,1171,2,0,2.0,13,4,2014,0.0,0.0,1.0,0.0,0.0,0.0,1.0,0.0,2.522736560902641
376,1172,3,1,2.0,14,4,2014,0.0,0.0,1.0,0.0,0.0,0.0,1.0,0.0,1.2613682804513204
376,1173,4,1,2.0,15,4,2014,0.0,0.0,1.0,0.0,0.0,0.0,1.0,0.0,1.1306841402256602
376,1174,5,0,2.0,16,4,2014,0.0,0.0,1.0,0.0,0.0,0.0,1.0,0.0,0.5653420701128301
376,1175,6,0,2.0,17,4,2014,0.0,0.0,1.0,0.0,0.0,0.0,1.0,0.0,1.282671035056415
376,1176,7,0,2.0,18,4,2014,0.0,0.0,1.0,0.0,0.0,0.0,1.0,0.0,0.6413355175282075
376,1177,1,0,2.0,19,4,2014,0.0,0.0,1.0,0.0,0.0,0.0,1.0,0.0,0.32066775876410375
376,1178,2,0,2.0,20,4,2014,1.0,0.0,0.0,0.0,0.0,0.0,0.0,1.0,0.6603338793820519
376,1179,3,0,2.0,21,4,2014,0.0,0.0,1.0,0.0,0.0,0.0,1.0,0.0,0.33016693969102595
376,1180,4,0,2.0,22,4,2014,0.0,0.0,0.0,1.0,0.0,0.0,1.0,0.0,0.16508346984551298
376,1181,5,0,2.0,23,4,2014,0.0,0.0,1.0,0.0,0.0,0.0,1.0,0.0,0.5825417349227565
376,1182,6,0,2.0,24,4,2014,0.0,0.0,1.0,0.0,0.0,0.0,1.0,0.0,0.29127086746137826
376,1183,7,0,2.0,25,4,2014,0.0,0.0,1.0,0.0,0.0,0.0,1.0,0.0,0.14563543373068913
376,1184,1,0,2.0,26,4,2014,0.0,0.0,1.0,0.0,0.0,0.0,1.0,0.0,1.5728177168653446
376,1185,2,0,2.0,27,4,2014,0.0,0.0,1.0,0.0,0.0,0.0,1.0,0.0,0.7864088584326723
376,1186,3,0,2.0,28,4,2014,0.0,0.0,1.0,0.0,0.0,0.0,1.0,0.0,0.39320442921633614
376,1187,4,0,2.0,29,4,2014,0.0,0.0,1.0,0.0,0.0,0.0,1.0,0.0,0.19660221460816807
376,1188,5,0,2.0,30,4,2014,0.0,0.0,1.0,0.0,0.0,0.0,1.0,0.0,0.598301107304084
376,1189,6,0,2.0,1,5,2014,0.0,0.0,1.0,0.0,0.0,0.0,1.0,0.0,0.299150553652042
376,1190,7,1,2.0,2,5,2014,0.0,0.0,1.0,0.0,0.0,0.0,1.0,0.0,0.649575276826021
376,1191,1,1,2.0,3,5,2014,0.0,0.0,1.0,0.0,0.0,0.0,1.0,0.0,0.3247876384130105
376,1192,2,0,2.0,4,5,2014,0.0,0.0,1.0,0.0,0.0,0.0,1.0,0.0,0.16239381920650525
376,1193,3,1,2.0,5,5,2014,1.0,0.0,0.0,0.0,0.0,0.0,1.0,0.0,0.08119690960325263
376,1194,4,1,2.0,6,5,2014,0.0,0.0,1.0,0.0,0.0,0.0,1.0,0.0,0.04059845480162631
376,1195,5,0,2.0,7,5,2014,0.0,0.0,1.0,0.0,0.0,0.0,1.0,0.0,1.0202992274008131
376,1196,6,1,2.0,8,5,2014,0.0,0.0,1.0,0.0,0.0,0.0,1.0,0.0,0.5101496137004066
376,1197,7,1,2.0,9,5,2014,0.0,0.0,1.0,0.0,0.0,0.0,1.0,0.0,0.2550748068502033
376,1198,1,0,2.0,10,5,2014,0.0,0.0,1.0,0.0,0.0,0.0,1.0,0.0,0.6275374034251017
376,1199,2,1,2.0,11,5,2014,1.0,0.0,0.0,0.0,0.0,0.0,1.0,0.0,0.31376870171255083
376,1200,3,1,2.0,12,5,2014,0.0,0.0,1.0,0.0,0.0,0.0,1.0,0.0,0.15688435085627542
376,1201,4,0,2.0,13,5,2014,0.0,0.0,1.0,0.0,0.0,0.0,1.0,0.0,1.0784421754281377
376,1202,5,1,2.0,14,5,2014,0.0,0.0,1.0,0.0,0.0,0.0,1.0,0.0,0.5392210877140688
376,1203,6,1,2.0,15,5,2014,0.0,0.0,1.0,0.0,0.0,0.0,1.0,0.0,0.2696105438570344
376,1204,7,0,2.0,16,5,2014,0.0,0.0,1.0,0.0,0.0,0.0,1.0,0.0,0.1348052719285172
376,1205,1,0,2.0,17,5,2014,0.0,0.0,1.0,0.0,0.0,0.0,1.0,0.0,0.0674026359642586
376,1206,2,0,2.0,18,5,2014,0.0,0.0,1.0,0.0,0.0,0.0,1.0,0.0,0.0337013179821293
376,1207,3,0,2.0,19,5,2014,0.0,0.0,1.0,0.0,0.0,0.0,1.0,0.0,0.01685065899106465
376,1208,4,0,2.0,20,5,2014,0.0,0.0,1.0,0.0,0.0,0.0,1.0,0.0,0.5084253294955323
376,1209,5,0,2.0,21,5,2014,0.0,0.0,1.0,0.0,0.0,0.0,1.0,0.0,0.25421266474776616
376,1210,6,0,2.0,22,5,2014,0.0,0.0,1.0,0.0,0.0,0.0,1.0,0.0,0.12710633237388308
376,1211,7,0,2.0,23,5,2014,0.0,0.0,1.0,0.0,0.0,0.0,1.0,0.0,0.06355316618694154
376,1212,1,0,2.0,24,5,2014,0.0,0.0,1.0,0.0,0.0,0.0,1.0,0.0,0.03177658309347077
376,1213,2,0,2.0,25,5,2014,0.0,0.0,1.0,0.0,0.0,0.0,1.0,0.0,0.015888291546735385
376,1214,3,0,2.0,26,5,2014,0.0,1.0,0.0,0.0,0.0,0.0,1.0,0.0,0.5079441457733677
376,1215,4,0,2.0,27,5,2014,0.0,0.0,1.0,0.0,0.0,0.0,1.0,0.0,0.25397207288668383
376,1216,5,0,2.0,28,5,2014,0.0,0.0,1.0,0.0,0.0,0.0,1.0,0.0,0.12698603644334192
376,1217,6,0,2.0,29,5,2014,0.0,0.0,1.0,0.0,0.0,0.0,1.0,0.0,0.06349301822167096
376,1218,7,0,2.0,30,5,2014,0.0,0.0,1.0,0.0,0.0,0.0,1.0,0.0,0.03174650911083548
376,1219,1,0,2.0,31,5,2014,0.0,0.0,1.0,0.0,0.0,0.0,1.0,0.0,0.5158732545554178
376,1220,2,0,2.0,1,6,2014,0.0,0.0,1.0,0.0,0.0,0.0,1.0,0.0,0.7579366272777088
376,1221,3,1,2.0,2,6,2014,0.0,0.0,1.0,0.0,0.0,0.0,1.0,0.0,0.8789683136388544
376,1222,4,1,2.0,3,6,2014,0.0,0.0,1.0,0.0,0.0,0.0,1.0,0.0,0.4394841568194272
376,1223,5,0,2.0,4,6,2014,0.0,0.0,1.0,0.0,0.0,0.0,1.0,0.0,1.2197420784097135
376,1224,6,1,2.0,5,6,2014,0.0,0.0,0.0,0.0,1.0,0.0,1.0,0.0,0.6098710392048567
376,1225,7,1,2.0,6,6,2014,0.0,0.0,1.0,0.0,0.0,0.0,1.0,0.0,0.3049355196024284
376,1226,1,0,2.0,7,6,2014,0.0,0.0,1.0,0.0,0.0,0.0,1.0,0.0,0.1524677598012142
376,1227,2,1,2.0,8,6,2014,0.0,0.0,1.0,0.0,0.0,0.0,1.0,0.0,0.0762338799006071
376,1228,3,1,2.0,9,6,2014,0.0,0.0,1.0,0.0,0.0,0.0,1.0,0.0,1.0381169399503036
376,1229,4,0,2.0,10,6,2014,0.0,0.0,1.0,0.0,0.0,0.0,1.0,0.0,0.5190584699751518
376,1230,5,1,2.0,11,6,2014,0.0,0.0,1.0,0.0,0.0,0.0,1.0,0.0,0.2595292349875759
376,1231,6,1,2.0,12,6,2014,0.0,0.0,1.0,0.0,0.0,0.0,1.0,0.0,1.6297646174937879
376,1232,7,0,2.0,13,6,2014,0.0,0.0,1.0,0.0,0.0,0.0,1.0,0.0,1.814882308746894
376,1233,1,1,2.0,14,6,2014,0.0,0.0,1.0,0.0,0.0,0.0,1.0,0.0,0.907441154373447
376,1234,2,1,2.0,15,6,2014,0.0,0.0,0.0,0.0,1.0,1.0,0.0,0.0,0.4537205771867235
376,1235,3,0,2.0,16,6,2014,0.0,0.0,1.0,0.0,0.0,0.0,1.0,0.0,0.22686028859336174
376,1236,4,0,2.0,17,6,2014,0.0,0.0,1.0,0.0,0.0,0.0,1.0,0.0,0.11343014429668087
376,1237,5,0,2.0,18,6,2014,0.0,0.0,1.0,0.0,0.0,0.0,1.0,0.0,0.056715072148340435
376,1238,6,0,2.0,19,6,2014,0.0,0.0,1.0,0.0,0.0,0.0,1.0,0.0,0.5283575360741702
376,1239,7,0,2.0,20,6,2014,0.0,0.0,1.0,0.0,0.0,0.0,1.0,0.0,0.2641787680370851
376,1240,1,0,2.0,21,6,2014,0.0,0.0,1.0,0.0,0.0,0.0,1.0,0.0,0.13208938401854256
376,1241,2,0,2.0,22,6,2014,0.0,0.0,1.0,0.0,0.0,0.0,1.0,0.0,0.06604469200927128
376,1242,3,0,2.0,23,6,2014,0.0,0.0,1.0,0.0,0.0,0.0,1.0,0.0,1.5330223460046357
376,1243,4,0,2.0,24,6,2014,0.0,0.0,1.0,0.0,0.0,0.0,1.0,0.0,0.7665111730023179
376,1244,5,0,2.0,25,6,2014,0.0,0.0,1.0,0.0,0.0,0.0,1.0,0.0,0.38325558650115893
376,1245,6,0,2.0,26,6,2014,0.0,0.0,1.0,0.0,0.0,0.0,1.0,0.0,0.6916277932505794
376,1246,7,0,2.0,27,6,2014,0.0,0.0,1.0,0.0,0.0,0.0,1.0,0.0,0.3458138966252897
376,1247,1,0,2.0,28,6,2014,0.0,0.0,1.0,0.0,0.0,0.0,1.0,0.0,0.17290694831264486
376,1248,2,0,2.0,29,6,2014,0.0,0.0,0.0,1.0,0.0,0.0,1.0,0.0,0.08645347415632243
376,1249,3,0,2.0,30,6,2014,0.0,0.0,1.0,0.0,0.0,0.0,1.0,0.0,0.043226737078161215
376,1250,4,0,2.0,1,7,2014,0.0,0.0,1.0,0.0,0.0,0.0,1.0,0.0,0.021613368539080607
376,1251,5,1,2.0,2,7,2014,0.0,0.0,1.0,0.0,0.0,0.0,1.0,0.0,0.5108066842695403
376,1252,6,1,2.0,3,7,2014,0.0,0.0,1.0,0.0,0.0,0.0,1.0,0.0,0.2554033421347702
376,1253,7,0,2.0,4,7,2014,0.0,1.0,0.0,0.0,0.0,0.0,1.0,0.0,0.6277016710673851
376,1254,1,1,2.0,5,7,2014,0.0,0.0,1.0,0.0,0.0,0.0,1.0,0.0,1.8138508355336924
376,1255,2,1,2.0,6,7,2014,0.0,0.0,1.0,0.0,0.0,0.0,1.0,0.0,0.9069254177668462
376,1256,3,0,2.0,7,7,2014,0.0,0.0,1.0,0.0,0.0,0.0,1.0,0.0,0.9534627088834231
376,1257,4,1,2.0,8,7,2014,0.0,0.0,1.0,0.0,0.0,0.0,1.0,0.0,0.9767313544417116
376,1258,5,1,2.0,9,7,2014,0.0,0.0,1.0,0.0,0.0,0.0,1.0,0.0,0.9883656772208558
376,1259,6,0,2.0,10,7,2014,0.0,0.0,1.0,0.0,0.0,0.0,1.0,0.0,0.9941828386104279
376,1260,7,1,2.0,11,7,2014,0.0,0.0,1.0,0.0,0.0,0.0,1.0,0.0,0.9970914193052139
376,1261,1,1,2.0,12,7,2014,0.0,0.0,1.0,0.0,0.0,0.0,1.0,0.0,0.49854570965260697
376,1262,2,0,2.0,13,7,2014,0.0,0.0,1.0,0.0,0.0,0.0,1.0,0.0,1.2492728548263035
376,1263,3,1,2.0,14,7,2014,0.0,0.0,1.0,0.0,0.0,0.0,1.0,0.0,0.6246364274131517
376,1264,4,1,2.0,15,7,2014,0.0,0.0,1.0,0.0,0.0,0.0,1.0,0.0,0.31231821370657586
376,1265,5,0,2.0,16,7,2014,0.0,0.0,1.0,0.0,0.0,0.0,1.0,0.0,0.15615910685328793
376,1266,6,0,2.0,17,7,2014,0.0,0.0,1.0,0.0,0.0,0.0,1.0,0.0,0.07807955342664397
376,1267,7,0,2.0,18,7,2014,0.0,0.0,1.0,0.0,0.0,0.0,1.0,0.0,0.03903977671332198
376,1268,1,0,2.0,19,7,2014,0.0,0.0,1.0,0.0,0.0,0.0,1.0,0.0,1.019519888356661
376,1269,2,0,2.0,20,7,2014,0.0,0.0,1.0,0.0,0.0,0.0,1.0,0.0,0.5097599441783305
376,1270,3,0,2.0,21,7,2014,0.0,0.0,1.0,0.0,0.0,0.0,1.0,0.0,0.25487997208916524
376,1271,4,0,2.0,22,7,2014,0.0,0.0,1.0,0.0,0.0,0.0,1.0,0.0,0.12743998604458262
376,1272,5,0,2.0,23,7,2014,0.0,0.0,1.0,0.0,0.0,0.0,1.0,0.0,0.06371999302229131
376,1273,6,0,2.0,24,7,2014,0.0,0.0,1.0,0.0,0.0,0.0,1.0,0.0,0.031859996511145655
376,1274,7,0,2.0,25,7,2014,0.0,0.0,1.0,0.0,0.0,0.0,1.0,0.0,0.015929998255572828
376,1275,1,0,2.0,26,7,2014,0.0,0.0,1.0,0.0,0.0,0.0,1.0,0.0,0.007964999127786414
376,1276,2,0,2.0,27,7,2014,0.0,0.0,1.0,0.0,0.0,0.0,1.0,0.0,0.003982499563893207
376,1277,3,0,2.0,28,7,2014,0.0,0.0,1.0,0.0,0.0,0.0,1.0,0.0,0.5019912497819466
376,1278,4,0,2.0,29,7,2014,0.0,0.0,0.0,1.0,0.0,0.0,1.0,0.0,0.2509956248909733
376,1279,5,0,2.0,30,7,2014,0.0,0.0,1.0,0.0,0.0,0.0,1.0,0.0,0.12549781244548666
376,1280,6,0,2.0,31,7,2014,0.0,0.0,1.0,0.0,0.0,0.0,1.0,0.0,0.06274890622274333
376,1281,7,0,2.0,1,8,2014,0.0,0.0,1.0,0.0,0.0,0.0,1.0,0.0,0.031374453111371665
376,1282,1,1,2.0,2,8,2014,0.0,0.0,1.0,0.0,0.0,0.0,1.0,0.0,0.5156872265556859
376,1283,2,1,2.0,3,8,2014,0.0,0.0,1.0,0.0,0.0,0.0,1.0,0.0,0.25784361327784294
376,1284,3,0,2.0,4,8,2014,0.0,0.0,1.0,0.0,0.0,0.0,1.0,0.0,1.6289218066389215
376,1285,4,1,2.0,5,8,2014,0.0,0.0,1.0,0.0,0.0,0.0,1.0,0.0,0.8144609033194607
376,1286,5,1,2.0,6,8,2014,0.0,0.0,1.0,0.0,0.0,0.0,1.0,0.0,1.4072304516597303
376,1287,6,0,2.0,7,8,2014,0.0,0.0,1.0,0.0,0.0,0.0,1.0,0.0,0.7036152258298651
376,1288,7,1,2.0,8,8,2014,0.0,0.0,1.0,0.0,0.0,0.0,1.0,0.0,0.35180761291493257
376,1289,1,1,2.0,9,8,2014,0.0,0.0,1.0,0.0,0.0,0.0,1.0,0.0,0.6759038064574663
376,1290,2,0,2.0,10,8,2014,0.0,0.0,1.0,0.0,0.0,0.0,1.0,0.0,0.33795190322873314
376,1291,3,1,2.0,11,8,2014,0.0,0.0,1.0,0.0,0.0,0.0,1.0,0.0,0.16897595161436657
376,1292,4,1,2.0,12,8,2014,0.0,0.0,1.0,0.0,0.0,0.0,1.0,0.0,0.08448797580718329
376,1293,5,0,2.0,13,8,2014,0.0,0.0,1.0,0.0,0.0,0.0,1.0,0.0,0.04224398790359164
376,1294,6,1,2.0,14,8,2014,0.0,0.0,1.0,0.0,0.0,0.0,1.0,0.0,0.02112199395179582
376,1295,7,1,2.0,15,8,2014,0.0,0.0,1.0,0.0,0.0,0.0,1.0,0.0,0.01056099697589791
376,1296,1,0,1.88,16,8,2014,0.0,0.0,1.0,0.0,0.0,0.0,1.0,0.0,0.005280498487948955
376,1297,2,0,1.88,17,8,2014,0.0,0.0,1.0,0.0,0.0,0.0,1.0,0.0,0.0026402492439744777
376,1298,3,0,1.88,18,8,2014,0.0,0.0,1.0,0.0,0.0,0.0,1.0,0.0,0.0013201246219872388
376,1299,4,0,1.88,19,8,2014,0.0,0.0,1.0,0.0,0.0,0.0,1.0,0.0,0.0006600623109936194
376,1300,5,0,1.88,20,8,2014,0.0,0.0,1.0,0.0,0.0,0.0,1.0,0.0,0.0003300311554968097
376,1301,6,0,1.88,21,8,2014,0.0,0.0,1.0,0.0,0.0,0.0,1.0,0.0,1.0001650155777484
376,1302,7,0,1.88,22,8,2014,0.0,0.0,1.0,0.0,0.0,0.0,1.0,0.0,0.5000825077888742
376,1303,1,0,1.88,23,8,2014,0.0,0.0,1.0,0.0,0.0,0.0,1.0,0.0,0.7500412538944371
376,1304,2,0,1.88,24,8,2014,0.0,0.0,1.0,0.0,0.0,0.0,1.0,0.0,0.37502062694721855
376,1305,3,0,1.88,25,8,2014,0.0,0.0,1.0,0.0,0.0,0.0,1.0,0.0,0.6875103134736092
376,1306,4,0,1.88,26,8,2014,0.0,0.0,1.0,0.0,0.0,0.0,1.0,0.0,1.3437551567368047
376,1307,5,0,1.88,27,8,2014,0.0,0.0,1.0,0.0,0.0,0.0,1.0,0.0,0.6718775783684023
376,1308,6,0,1.88,28,8,2014,0.0,0.0,1.0,0.0,0.0,0.0,1.0,0.0,0.33593878918420117
376,1309,7,0,1.88,29,8,2014,0.0,0.0,1.0,0.0,0.0,0.0,1.0,0.0,1.1679693945921006
376,1310,1,0,1.88,30,8,2014,0.0,0.0,1.0,0.0,0.0,0.0,1.0,0.0,0.5839846972960503
376,1311,2,0,1.88,31,8,2014,0.0,0.0,1.0,0.0,0.0,0.0,1.0,0.0,0.7919923486480251
376,1312,3,0,1.88,1,9,2014,0.0,1.0,0.0,0.0,0.0,0.0,1.0,0.0,0.3959961743240126
376,1313,4,1,1.88,2,9,2014,0.0,0.0,1.0,0.0,0.0,0.0,1.0,0.0,0.1979980871620063
376,1314,5,1,1.88,3,9,2014,0.0,0.0,1.0,0.0,0.0,0.0,1.0,0.0,0.5989990435810031
376,1315,6,0,1.88,4,9,2014,0.0,0.0,1.0,0.0,0.0,0.0,1.0,0.0,0.29949952179050154
376,1316,7,1,1.88,5,9,2014,0.0,0.0,1.0,0.0,0.0,0.0,1.0,0.0,0.14974976089525077
376,1317,1,1,1.88,6,9,2014,0.0,0.0,1.0,0.0,0.0,0.0,1.0,0.0,0.5748748804476254
376,1318,2,0,1.88,7,9,2014,0.0,0.0,1.0,0.0,0.0,0.0,1.0,0.0,0.2874374402238127
376,1319,3,1,1.88,8,9,2014,0.0,0.0,1.0,0.0,0.0,0.0,1.0,0.0,2.1437187201119063
376,1320,4,1,1.88,9,9,2014,0.0,0.0,1.0,0.0,0.0,0.0,1.0,0.0,1.0718593600559532
376,1321,5,0,1.88,10,9,2014,0.0,0.0,1.0,0.0,0.0,0.0,1.0,0.0,1.0359296800279765
376,1322,6,1,1.88,11,9,2014,0.0,0.0,1.0,0.0,0.0,0.0,1.0,0.0,0.5179648400139882
376,1323,7,1,1.88,12,9,2014,0.0,0.0,1.0,0.0,0.0,0.0,1.0,0.0,0.2589824200069941
376,1324,1,0,1.88,13,9,2014,0.0,0.0,1.0,0.0,0.0,0.0,1.0,0.0,0.12949121000349706
376,1325,2,1,1.88,14,9,2014,0.0,0.0,1.0,0.0,0.0,0.0,1.0,0.0,0.06474560500174853
376,1326,3,1,1.88,15,9,2014,0.0,0.0,1.0,0.0,0.0,0.0,1.0,0.0,0.5323728025008743
376,1327,4,0,1.88,16,9,2014,0.0,0.0,1.0,0.0,0.0,0.0,1.0,0.0,0.26618640125043713
376,1328,5,0,1.88,17,9,2014,0.0,0.0,1.0,0.0,0.0,0.0,1.0,0.0,1.6330932006252186
376,1329,6,0,1.88,18,9,2014,0.0,0.0,1.0,0.0,0.0,0.0,1.0,0.0,1.8165466003126092
376,1330,7,0,1.88,19,9,2014,0.0,0.0,1.0,0.0,0.0,0.0,1.0,0.0,0.9082733001563046
376,1331,1,0,1.88,20,9,2014,0.0,0.0,1.0,0.0,0.0,0.0,1.0,0.0,1.4541366500781523
376,1332,2,0,1.88,21,9,2014,0.0,0.0,1.0,0.0,0.0,0.0,1.0,0.0,1.2270683250390761
376,1333,3,0,1.88,22,9,2014,0.0,0.0,1.0,0.0,0.0,0.0,1.0,0.0,0.6135341625195381
376,1334,4,0,1.88,23,9,2014,0.0,0.0,1.0,0.0,0.0,0.0,1.0,0.0,0.30676708125976904
376,1335,5,0,1.88,24,9,2014,0.0,0.0,1.0,0.0,0.0,0.0,1.0,0.0,0.15338354062988452
376,1336,6,0,1.88,25,9,2014,0.0,0.0,1.0,0.0,0.0,0.0,1.0,0.0,0.5766917703149422
376,1337,7,0,1.88,26,9,2014,0.0,0.0,1.0,0.0,0.0,0.0,1.0,0.0,0.2883458851574711
376,1338,1,0,1.88,27,9,2014,0.0,0.0,1.0,0.0,0.0,0.0,1.0,0.0,0.14417294257873556
376,1339,2,0,1.88,28,9,2014,0.0,0.0,1.0,0.0,0.0,0.0,1.0,0.0,2.0720864712893676
376,1340,3,0,1.88,29,9,2014,0.0,0.0,1.0,0.0,0.0,0.0,1.0,0.0,1.0360432356446838
376,1341,4,0,1.88,30,9,2014,0.0,0.0,1.0,0.0,0.0,0.0,1.0,0.0,1.0180216178223418
376,1342,5,0,1.88,1,10,2014,0.0,0.0,1.0,0.0,0.0,0.0,1.0,0.0,0.5090108089111709
376,1343,6,1,1.88,2,10,2014,0.0,0.0,1.0,0.0,0.0,0.0,1.0,0.0,1.7545054044555854
376,1344,7,1,1.88,3,10,2014,0.0,0.0,1.0,0.0,0.0,0.0,1.0,0.0,0.8772527022277927
376,1345,1,0,1.88,4,10,2014,0.0,0.0,0.0,1.0,0.0,0.0,1.0,0.0,1.4386263511138964
376,1346,2,1,1.88,5,10,2014,0.0,0.0,1.0,0.0,0.0,0.0,1.0,0.0,1.2193131755569482
376,1347,3,1,1.88,6,10,2014,0.0,0.0,1.0,0.0,0.0,0.0,1.0,0.0,1.109656587778474
376,1348,4,0,1.88,7,10,2014,0.0,0.0,1.0,0.0,0.0,0.0,1.0,0.0,1.054828293889237
376,1349,5,1,1.88,8,10,2014,0.0,0.0,1.0,0.0,0.0,0.0,1.0,0.0,0.5274141469446185
376,1350,6,1,1.88,9,10,2014,0.0,0.0,1.0,0.0,0.0,0.0,1.0,0.0,1.2637070734723093
376,1351,7,0,1.88,10,10,2014,0.0,0.0,1.0,0.0,0.0,0.0,1.0,0.0,0.6318535367361546
376,1352,1,1,1.88,11,10,2014,0.0,0.0,1.0,0.0,0.0,0.0,1.0,0.0,1.3159267683680773
376,1353,2,1,1.88,12,10,2014,0.0,0.0,1.0,0.0,0.0,0.0,1.0,0.0,2.157963384184039
376,1354,3,0,1.88,13,10,2014,0.0,1.0,0.0,0.0,0.0,0.0,1.0,0.0,1.0789816920920194
376,1355,4,1,1.88,14,10,2014,0.0,0.0,1.0,0.0,0.0,0.0,1.0,0.0,0.5394908460460097
376,1356,5,1,1.88,15,10,2014,0.0,0.0,1.0,0.0,0.0,0.0,1.0,0.0,0.26974542302300486
376,1357,6,0,1.88,16,10,2014,0.0,0.0,1.0,0.0,0.0,0.0,1.0,0.0,0.13487271151150243
376,1358,7,0,1.88,17,10,2014,0.0,0.0,1.0,0.0,0.0,0.0,1.0,0.0,0.5674363557557512
376,1359,1,0,1.88,18,10,2014,0.0,0.0,1.0,0.0,0.0,0.0,1.0,0.0,0.2837181778778756
376,1360,2,0,1.88,19,10,2014,0.0,0.0,1.0,0.0,0.0,0.0,1.0,0.0,0.1418590889389378
376,1361,3,0,1.88,20,10,2014,0.0,0.0,1.0,0.0,0.0,0.0,1.0,0.0,0.0709295444694689
376,1362,4,0,1.88,21,10,2014,0.0,0.0,1.0,0.0,0.0,0.0,1.0,0.0,0.03546477223473445
376,1363,5,0,1.88,22,10,2014,0.0,0.0,1.0,0.0,0.0,0.0,1.0,0.0,0.017732386117367226
376,1364,6,0,1.88,23,10,2014,0.0,0.0,1.0,0.0,0.0,0.0,1.0,0.0,2.0088661930586835
376,1365,7,0,1.88,24,10,2014,0.0,0.0,1.0,0.0,0.0,0.0,1.0,0.0,1.0044330965293418
376,1366,1,0,1.88,25,10,2014,0.0,0.0,1.0,0.0,0.0,0.0,1.0,0.0,0.5022165482646709
376,1367,2,0,1.88,26,10,2014,0.0,0.0,1.0,0.0,0.0,0.0,1.0,0.0,0.7511082741323354
376,1368,3,0,1.88,27,10,2014,0.0,0.0,1.0,0.0,0.0,0.0,1.0,0.0,0.3755541370661677
376,1369,4,0,1.88,28,10,2014,0.0,0.0,1.0,0.0,0.0,0.0,1.0,0.0,0.18777706853308385
376,1370,5,0,1.88,29,10,2014,0.0,0.0,1.0,0.0,0.0,0.0,1.0,0.0,0.09388853426654192
376,1371,6,0,1.88,30,10,2014,0.0,0.0,1.0,0.0,0.0,0.0,1.0,0.0,0.04694426713327096
376,1372,7,0,1.88,31,10,2014,1.0,0.0,0.0,0.0,0.0,0.0,1.0,0.0,0.02347213356663548
376,1373,1,0,1.88,1,11,2014,0.0,0.0,1.0,0.0,0.0,0.0,1.0,0.0,0.01173606678331774
376,1374,2,1,1.88,2,11,2014,0.0,0.0,1.0,0.0,0.0,0.0,1.0,0.0,0.00586803339165887
376,1375,3,1,1.88,3,11,2014,0.0,0.0,1.0,0.0,0.0,0.0,1.0,0.0,1.0029340166958294
376,1376,4,0,1.88,4,11,2014,0.0,0.0,1.0,0.0,0.0,0.0,1.0,0.0,0.5014670083479147
376,1377,5,1,1.88,5,11,2014,0.0,0.0,1.0,0.0,0.0,0.0,1.0,0.0,0.25073350417395734
376,1378,6,1,1.88,6,11,2014,0.0,0.0,1.0,0.0,0.0,0.0,1.0,0.0,0.12536675208697867
376,1379,7,0,1.88,7,11,2014,0.0,0.0,1.0,0.0,0.0,0.0,1.0,0.0,0.06268337604348934
376,1380,1,1,1.88,8,11,2014,0.0,0.0,1.0,0.0,0.0,0.0,1.0,0.0,0.03134168802174467
376,1381,2,1,1.88,9,11,2014,0.0,0.0,1.0,0.0,0.0,0.0,1.0,0.0,0.015670844010872334
376,1382,3,0,1.88,10,11,2014,0.0,0.0,1.0,0.0,0.0,0.0,1.0,0.0,0.007835422005436167
376,1383,4,1,1.88,11,11,2014,0.0,1.0,0.0,0.0,0.0,0.0,1.0,0.0,0.0039177110027180835
376,1384,5,1,1.88,12,11,2014,0.0,0.0,1.0,0.0,0.0,0.0,1.0,0.0,0.0019588555013590418
376,1385,6,0,1.88,13,11,2014,0.0,0.0,1.0,0.0,0.0,0.0,1.0,0.0,0.0009794277506795209
376,1386,7,1,1.88,14,11,2014,0.0,0.0,1.0,0.0,0.0,0.0,1.0,0.0,0.0004897138753397604
376,1387,1,1,1.88,15,11,2014,0.0,0.0,1.0,0.0,0.0,0.0,1.0,0.0,0.5002448569376698
376,1388,2,0,1.88,16,11,2014,0.0,0.0,1.0,0.0,0.0,0.0,1.0,0.0,0.2501224284688349
376,1389,3,0,1.88,17,11,2014,0.0,0.0,1.0,0.0,0.0,0.0,1.0,0.0,0.12506121423441746
376,1390,4,0,1.88,18,11,2014,0.0,0.0,1.0,0.0,0.0,0.0,1.0,0.0,0.06253060711720873
376,1391,5,0,1.88,19,11,2014,0.0,0.0,1.0,0.0,0.0,0.0,1.0,0.0,0.031265303558604365
376,1392,6,0,1.88,20,11,2014,0.0,0.0,1.0,0.0,0.0,0.0,1.0,0.0,0.015632651779302183
376,1393,7,0,1.88,21,11,2014,0.0,0.0,1.0,0.0,0.0,0.0,1.0,0.0,0.5078163258896511
376,1394,1,0,1.88,22,11,2014,0.0,0.0,1.0,0.0,0.0,0.0,1.0,0.0,0.25390816294482554
376,1395,2,0,1.88,23,11,2014,0.0,0.0,1.0,0.0,0.0,0.0,1.0,0.0,0.12695408147241277
376,1396,3,0,1.88,24,11,2014,0.0,0.0,1.0,0.0,0.0,0.0,1.0,0.0,0.06347704073620639
376,1397,4,0,1.88,25,11,2014,0.0,0.0,1.0,0.0,0.0,0.0,1.0,0.0,0.03173852036810319
376,1398,5,0,1.88,26,11,2014,0.0,0.0,1.0,0.0,0.0,0.0,1.0,0.0,0.015869260184051596
376,1399,6,0,1.88,27,11,2014,0.0,1.0,0.0,0.0,0.0,0.0,1.0,0.0,0.007934630092025798
376,1400,7,0,1.88,28,11,2014,0.0,0.0,1.0,0.0,0.0,0.0,1.0,0.0,0.003967315046012899
376,1401,1,0,1.88,29,11,2014,0.0,0.0,1.0,0.0,0.0,0.0,1.0,0.0,0.0019836575230064496
376,1402,2,0,1.88,30,11,2014,0.0,0.0,1.0,0.0,0.0,0.0,1.0,0.0,0.0009918287615032248
376,1403,3,0,1.88,1,12,2014,0.0,0.0,1.0,0.0,0.0,0.0,1.0,0.0,0.0004959143807516124
376,1404,4,1,1.88,2,12,2014,0.0,0.0,1.0,0.0,0.0,0.0,1.0,0.0,1.0002479571903757
376,1405,5,1,1.88,3,12,2014,0.0,0.0,1.0,0.0,0.0,0.0,1.0,0.0,0.5001239785951879
376,1406,6,0,1.88,4,12,2014,0.0,0.0,1.0,0.0,0.0,0.0,1.0,0.0,0.25006198929759393
376,1407,7,1,1.88,5,12,2014,0.0,0.0,1.0,0.0,0.0,0.0,1.0,0.0,0.12503099464879697
376,1408,1,1,1.88,6,12,2014,0.0,0.0,1.0,0.0,0.0,0.0,1.0,0.0,0.5625154973243984
376,1409,2,0,1.88,7,12,2014,0.0,0.0,1.0,0.0,0.0,0.0,1.0,0.0,0.2812577486621992
376,1410,3,1,1.88,8,12,2014,0.0,0.0,1.0,0.0,0.0,0.0,1.0,0.0,0.6406288743310996
376,1411,4,1,1.88,9,12,2014,0.0,0.0,1.0,0.0,0.0,0.0,1.0,0.0,0.3203144371655498
376,1412,5,0,1.88,10,12,2014,0.0,0.0,1.0,0.0,0.0,0.0,1.0,0.0,0.1601572185827749
376,1413,6,1,1.88,11,12,2014,0.0,0.0,1.0,0.0,0.0,0.0,1.0,0.0,0.08007860929138745
376,1414,7,1,1.88,12,12,2014,0.0,0.0,1.0,0.0,0.0,0.0,1.0,0.0,0.040039304645693725
376,1415,1,0,1.88,13,12,2014,0.0,0.0,1.0,0.0,0.0,0.0,1.0,0.0,0.020019652322846863
376,1416,2,1,1.88,14,12,2014,0.0,0.0,1.0,0.0,0.0,0.0,1.0,0.0,0.010009826161423431
376,1417,3,1,1.88,15,12,2014,0.0,0.0,1.0,0.0,0.0,0.0,1.0,0.0,0.005004913080711716
376,1418,4,0,1.88,16,12,2014,0.0,0.0,1.0,0.0,0.0,0.0,1.0,0.0,0.002502456540355858
376,1419,5,0,1.88,17,12,2014,0.0,0.0,1.0,0.0,0.0,0.0,1.0,0.0,0.001251228270177929
376,1420,6,0,1.88,18,12,2014,0.0,0.0,1.0,0.0,0.0,0.0,1.0,0.0,0.0006256141350889645
376,1421,7,0,1.88,19,12,2014,0.0,0.0,1.0,0.0,0.0,0.0,1.0,0.0,0.00031280706754448223
376,1422,1,0,1.88,20,12,2014,0.0,0.0,1.0,0.0,0.0,0.0,1.0,0.0,0.5001564035337722
376,1423,2,0,1.88,21,12,2014,0.0,0.0,1.0,0.0,0.0,0.0,1.0,0.0,0.2500782017668861
376,1424,3,0,1.88,22,12,2014,0.0,0.0,1.0,0.0,0.0,0.0,1.0,0.0,1.125039100883443
376,1425,4,0,1.88,23,12,2014,0.0,0.0,1.0,0.0,0.0,0.0,1.0,0.0,0.5625195504417215
376,1426,5,0,1.88,24,12,2014,0.0,0.0,0.0,1.0,0.0,0.0,1.0,0.0,0.28125977522086076
376,1427,6,0,1.88,25,12,2014,0.0,1.0,0.0,0.0,0.0,0.0,1.0,0.0,0.14062988761043038
376,1428,7,0,1.88,26,12,2014,0.0,0.0,1.0,0.0,0.0,0.0,1.0,0.0,0.07031494380521519
376,1429,1,0,1.88,27,12,2014,0.0,0.0,1.0,0.0,0.0,0.0,1.0,0.0,0.035157471902607595
376,1430,2,0,1.88,28,12,2014,0.0,0.0,1.0,0.0,0.0,0.0,1.0,0.0,0.017578735951303798
376,1431,3,0,1.88,29,12,2014,0.0,0.0,1.0,0.0,0.0,0.0,1.0,0.0,0.008789367975651899
376,1432,4,0,1.88,30,12,2014,0.0,0.0,1.0,0.0,0.0,0.0,1.0,0.0,0.0043946839878259494
376,1433,5,0,1.88,31,12,2014,0.0,0.0,1.0,0.0,0.0,0.0,1.0,0.0,0.0021973419939129747
376,1434,6,0,1.88,1,1,2015,0.0,1.0,0.0,0.0,0.0,0.0,1.0,0.0,0.0010986709969564874
376,1435,7,1,1.88,2,1,2015,0.0,0.0,1.0,0.0,0.0,0.0,1.0,0.0,0.0005493354984782437
376,1436,1,1,1.88,3,1,2015,0.0,0.0,1.0,0.0,0.0,0.0,1.0,0.0,2.000274667749239
376,1437,2,0,1.88,4,1,2015,0.0,0.0,1.0,0.0,0.0,0.0,1.0,0.0,1.0001373338746196
376,1438,3,1,1.88,5,1,2015,0.0,0.0,1.0,0.0,0.0,0.0,1.0,0.0,0.5000686669373098
376,1439,4,1,1.88,6,1,2015,0.0,0.0,1.0,0.0,0.0,0.0,1.0,0.0,0.2500343334686549
376,1440,5,0,1.88,7,1,2015,0.0,0.0,0.0,1.0,0.0,0.0,1.0,0.0,1.1250171667343274
376,1441,6,1,1.88,8,1,2015,0.0,0.0,1.0,0.0,0.0,0.0,1.0,0.0,1.5625085833671637
376,1442,7,1,1.88,9,1,2015,0.0,0.0,1.0,0.0,0.0,0.0,1.0,0.0,1.2812542916835818
376,1443,1,0,1.88,10,1,2015,0.0,0.0,1.0,0.0,0.0,0.0,1.0,0.0,0.6406271458417909
376,1444,2,1,1.88,11,1,2015,0.0,0.0,1.0,0.0,0.0,0.0,1.0,0.0,0.32031357292089546
376,1445,3,1,1.88,12,1,2015,0.0,0.0,1.0,0.0,0.0,0.0,1.0,0.0,0.6601567864604477
376,1446,4,0,1.88,13,1,2015,0.0,0.0,1.0,0.0,0.0,0.0,1.0,0.0,0.33007839323022387
